-- phpMyAdmin SQL Dump
-- version 4.7.7
-- https://www.phpmyadmin.net/
--
-- Host: localhost
-- Generation Time: Jun 23, 2018 at 09:28 PM
-- Server version: 10.1.30-MariaDB
-- PHP Version: 7.2.1

SET SQL_MODE = "NO_AUTO_VALUE_ON_ZERO";
SET AUTOCOMMIT = 0;
START TRANSACTION;
SET time_zone = "+00:00";


/*!40101 SET @OLD_CHARACTER_SET_CLIENT=@@CHARACTER_SET_CLIENT */;
/*!40101 SET @OLD_CHARACTER_SET_RESULTS=@@CHARACTER_SET_RESULTS */;
/*!40101 SET @OLD_COLLATION_CONNECTION=@@COLLATION_CONNECTION */;
/*!40101 SET NAMES utf8mb4 */;

--
-- Database: `salmanwholeseller`
--

-- --------------------------------------------------------

--
-- Table structure for table `balance`
--

CREATE TABLE `balance` (
  `id` int(4) NOT NULL,
  `date` timestamp NOT NULL DEFAULT CURRENT_TIMESTAMP,
  `details` varchar(50) NOT NULL,
  `buyerId` int(4) NOT NULL,
  `supplierId` int(7) NOT NULL,
  `amount` int(7) NOT NULL,
  `balance` int(8) NOT NULL
) ENGINE=InnoDB DEFAULT CHARSET=latin1;

-- --------------------------------------------------------

--
-- Table structure for table `currentinventory`
--

CREATE TABLE `currentinventory` (
  `productId` int(4) NOT NULL,
  `quantity` int(5) NOT NULL
) ENGINE=InnoDB DEFAULT CHARSET=latin1;

--
-- Dumping data for table `currentinventory`
--

INSERT INTO `currentinventory` (`productId`, `quantity`) VALUES
(0, 0),
(1, 419),
(2, 9248),
(3, -9999244),
(4, 225),
(5, 226),
(6, 670),
(7, 781),
(8, 464),
(9, 421),
(10, 300),
(11, 28),
(12, 122),
(14, 121),
(15, 1096),
(16, 21),
(17, 12123122),
(18, 19),
(19, 598),
(20, 122),
(21, 12429),
(23, 124);

-- --------------------------------------------------------

--
-- Table structure for table `customer`
--

CREATE TABLE `customer` (
  `id` int(5) NOT NULL,
  `name` varchar(20) NOT NULL,
  `contact` varchar(11) NOT NULL,
  `address` varchar(20) NOT NULL,
  `balance` int(7) NOT NULL DEFAULT '0'
) ENGINE=InnoDB DEFAULT CHARSET=latin1;

--
-- Dumping data for table `customer`
--

INSERT INTO `customer` (`id`, `name`, `contact`, `address`, `balance`) VALUES
(0, 'John Doe', '03001234567', '152/l', 152),
(17, 'Jacob', '03312012373', 'karachi', 0),
(19, 'Peter', '03101234361', 'DHA, Karachi', 0),
(123, 'Hunaid', '03001239866', 'karachi', 0),
(124, 'Donald Trump', '03333123456', 'washington dc', 0),
(125, 'Hilary', '03007654321', 'DC', 0),
(127, 'Ivanka Trump', '03331234567', 'DC', 0),
(128, 'Captain America', '03341234567', 'USA', 0),
(129, 'Deadpool', '03211234567', '', 0),
(130, 'Mad Max', '12341234567', 'USA', 0),
(131, 'Jared', '12345671234', 'asd', 0),
(133, 'asd', '123', 'asd', 0),
(134, 'Spider Man', '03219876543', 'NYC', 0),
(135, 'as', '1232', 'aqw', 0),
(136, 'asd', '0300700986', 'asd', 0),
(137, 'Super Man', '08247508432', 'Metropolis', 0),
(138, 'asdas', '0923432', '', 0),
(139, 'yuyu', '12312', '', 0),
(140, 'Wolverine', '9809080', 'asd', 0);

-- --------------------------------------------------------

--
-- Table structure for table `generalLedger`
--

CREATE TABLE `generalLedger` (
  `id` int(9) NOT NULL,
  `dateTime` datetime NOT NULL DEFAULT CURRENT_TIMESTAMP,
  `headOfAc` int(11) NOT NULL,
  `transactionType` varchar(20) NOT NULL,
  `chequeNo` varchar(25) DEFAULT NULL,
  `Debit` int(9) NOT NULL DEFAULT '0',
  `Credit` int(9) NOT NULL DEFAULT '0'
) ENGINE=InnoDB DEFAULT CHARSET=latin1;

--
-- Dumping data for table `generalLedger`
--

INSERT INTO `generalLedger` (`id`, `dateTime`, `headOfAc`, `transactionType`, `chequeNo`, `Debit`, `Credit`) VALUES
(1, '2018-06-04 03:23:07', 25, '', '', 85, 0),
(2, '2018-06-04 03:23:07', 5, '', '', 0, 85),
(3, '2018-06-04 03:28:18', 6, '', '', 70, 0),
(4, '2018-06-04 03:28:18', 6, '', '', 70, 0),
(5, '2018-06-04 03:28:18', 4, '', '', 0, 40),
(15, '2018-06-05 20:32:45', 6, '', '', 2240, 0),
(16, '2018-06-05 20:39:22', 6, '', '', 70, 0),
(17, '2018-06-05 20:39:40', 6, '', '', 70, 0),
(18, '2018-06-05 20:40:01', 6, '', '', 70, 0),
(19, '2018-06-05 20:42:12', 6, '', '', 8610, 0),
(23, '2018-06-05 21:10:59', 6, '', '', 1, 0),
(24, '2018-06-05 21:10:59', 9, '', '', 69, 0),
(25, '2018-06-05 21:10:59', 4, '', '', 0, 1),
(26, '2018-06-05 21:14:24', 6, '', '', 1500, 0),
(27, '2018-06-05 21:14:24', 11, '', '', 650, 0),
(28, '2018-06-05 21:14:24', 4, '', '', 0, 1500),
(29, '2018-06-05 21:21:59', 6, '', '', 100, 0),
(30, '2018-06-05 21:21:59', 11, '', '', 25, 0),
(31, '2018-06-05 21:21:59', 4, '', '', 0, 100),
(32, '2018-06-05 21:29:08', 6, '', '', 10, 0),
(33, '2018-06-05 21:29:08', 9, '', '', 60, 0),
(34, '2018-06-05 21:29:08', 4, '', '', 0, 10),
(35, '2018-06-05 21:31:29', 6, '', '', 1, 0),
(36, '2018-06-05 21:31:29', 9, '', '', 69, 0),
(37, '2018-06-05 21:31:29', 4, '', '', 0, 1),
(38, '2018-06-05 22:02:31', 6, '', '', 1, 0),
(39, '2018-06-05 22:02:31', 9, '', '', 69, 0),
(40, '2018-06-05 22:02:31', 4, '', '', 0, 71),
(41, '2018-06-05 22:03:55', 6, '', '', 6000, 0),
(42, '2018-06-05 22:03:55', 11, '', '', 6464, 0),
(43, '2018-06-05 22:03:55', 4, '', '', 0, 12464),
(44, '2018-06-05 22:09:39', 26, '', '', 70, 0),
(45, '2018-06-05 22:09:39', 5, '', '', 0, 70),
(46, '2018-06-05 22:23:40', 5, '', '', 70, 0),
(47, '2018-06-05 22:23:40', 4, '', '', 0, 70),
(48, '2018-06-05 22:24:30', 6, 'Inv-84', '', 1, 0),
(49, '2018-06-05 22:24:30', 9, 'Inv-84', '', 69, 0),
(50, '2018-06-05 22:24:30', 4, 'Inv-84', '', 0, 70),
(51, '2018-06-05 22:37:14', 6, 'Inv-81', '', 500, 0),
(52, '2018-06-05 22:37:14', 11, 'Inv-81', '', 0, 500),
(53, '2018-06-05 22:39:08', 6, 'Inv-84', '', 69, 0),
(54, '2018-06-05 22:39:08', 9, 'Inv-84', '', 0, 69),
(55, '2018-06-05 22:50:17', 3, 'Pur-213', '', 1400, 0),
(56, '2018-06-05 22:50:17', 6, 'Pur-213', '', 0, 1000),
(57, '2018-06-05 22:50:17', 13, 'Pur-213', '', 1400, 0),
(58, '2018-06-05 22:52:11', 3, 'Pur-214', '', 157000, 0),
(59, '2018-06-05 22:52:11', 6, 'Pur-214', '', 0, 100000),
(60, '2018-06-05 22:52:11', 13, 'Pur-214', '', 157000, 0),
(61, '2018-06-05 23:16:19', 3, 'Pur-215', '', 8500, 0),
(62, '2018-06-05 23:16:19', 6, 'Pur-215', '', 0, 6000),
(63, '2018-06-05 23:16:19', 20, 'Pur-215', '', 2500, 0),
(64, '2018-06-05 23:19:33', 3, 'Pur-216', '', 70, 0),
(65, '2018-06-05 23:19:33', 6, 'Pur-216', '', 0, 30),
(66, '2018-06-05 23:19:33', 18, 'Pur-216', '', 0, 40),
(67, '2018-06-05 23:25:22', 5, 'Sle-228', '', 70, 0),
(68, '2018-06-05 23:25:22', 4, 'Sle-228', '', 0, 70),
(69, '2018-06-06 18:42:25', 18, 'Pur-216', '', 10, 0),
(70, '2018-06-06 18:42:25', 6, 'Pur-216', '', 0, 10),
(71, '2018-06-06 19:54:05', 5, 'Sle-230', '', 66, 0),
(72, '2018-06-06 19:54:05', 4, 'Sle-230', '', 0, 66),
(73, '2018-06-06 20:15:02', 5, 'Sle-231', '', 60, 0),
(74, '2018-06-06 20:15:02', 4, 'Sle-231', '', 0, 60),
(75, '2018-06-06 20:20:40', 5, 'Sle-233', '', 60, 0),
(76, '2018-06-06 20:20:40', 21, 'Sle-233', '', 10, 0),
(77, '2018-06-06 20:20:40', 4, 'Sle-233', '', 0, 60),
(78, '2018-06-06 20:21:22', 5, 'Sle-234', '', 188, 0),
(79, '2018-06-06 20:21:22', 21, 'Sle-234', '', 11, 0),
(80, '2018-06-06 20:21:22', 4, 'Sle-234', '', 0, 188),
(81, '2018-06-06 20:23:21', 5, 'Sle-235', '', 140, 0),
(82, '2018-06-06 20:23:21', 21, 'Sle-235', '', 15, 0),
(83, '2018-06-06 20:23:21', 4, 'Sle-235', '', 0, 155),
(84, '2018-06-06 20:24:37', 5, 'Sle-236', '', 100, 0),
(85, '2018-06-06 20:24:37', 21, 'Sle-236', '', 60, 0),
(86, '2018-06-06 20:24:37', 4, 'Sle-236', '', 0, 160),
(87, '2018-06-06 21:44:03', 5, 'Sle-237', '', 140, 0),
(88, '2018-06-06 21:44:03', 21, 'Sle-237', '', 25, 0),
(89, '2018-06-06 21:44:03', 4, 'Sle-237', '', 0, 165),
(90, '2018-06-06 21:54:26', 6, 'Inv-87', '', 500, 0),
(91, '2018-06-06 21:54:26', 9, 'Inv-87', '', 50, 0),
(92, '2018-06-06 21:54:26', 4, 'Inv-87', '', 0, 550),
(93, '2018-06-06 21:57:51', 6, 'Inv-88', '', 150, 0),
(94, '2018-06-06 21:57:51', 21, 'Inv-88', '', 66, 0),
(95, '2018-06-06 21:57:51', 9, 'Inv-88', '', 49, 0),
(96, '2018-06-06 21:57:51', 4, 'Inv-88', '', 0, 265),
(97, '2018-06-06 22:00:07', 6, 'Inv-89', '', 1500, 0),
(98, '2018-06-06 22:00:07', 21, 'Inv-89', '', 426, 0),
(99, '2018-06-06 22:00:07', 11, 'Inv-89', '', 109, 0),
(100, '2018-06-06 22:00:07', 4, 'Inv-89', '', 0, 2035),
(101, '2018-06-06 22:51:14', 3, 'Pur-217', '', 90, 0),
(102, '2018-06-06 22:51:14', 6, 'Pur-217', '', 0, 30),
(103, '2018-06-06 22:51:14', 18, 'Pur-217', '', 0, 60),
(104, '2018-06-06 22:56:45', 3, 'Pur-218', '', 70, 0),
(105, '2018-06-06 22:56:45', 6, 'Pur-218', '', 0, 50),
(106, '2018-06-06 22:56:45', 18, 'Pur-218', '', 0, 10),
(107, '2018-06-06 22:56:45', 22, 'Pur-218', '', 0, 10),
(108, '2018-06-06 22:59:53', 3, 'Pur-219', '', 2085, 0),
(109, '2018-06-06 22:59:53', 6, 'Pur-219', '', 0, 1000),
(110, '2018-06-06 22:59:53', 20, 'Pur-219', '', 0, 870),
(111, '2018-06-06 22:59:53', 22, 'Pur-219', '', 0, 215),
(112, '2018-06-06 23:36:40', 23, 'Rfd-19', '', 100, 0),
(113, '2018-06-06 23:36:40', 5, 'Rfd-19', '', 0, 86),
(114, '2018-06-06 23:36:40', 21, 'Rfd-19', '', 0, 14),
(115, '2018-06-07 18:43:52', 23, 'Rfd-21', '', 199, 0),
(116, '2018-06-07 18:43:52', 5, 'Rfd-21', '', 0, 188),
(117, '2018-06-07 18:43:52', 21, 'Rfd-21', '', 0, 11),
(118, '2018-06-07 21:52:34', 6, 'Rfd-29', '', 0, 500),
(119, '2018-06-07 21:52:34', 11, 'Rfd-29', '', 500, 0),
(121, '2018-06-07 21:53:00', 6, 'Rfd-29', '', 0, 500),
(122, '2018-06-07 21:53:00', 11, 'Rfd-29', '', 500, 0),
(124, '2018-06-07 22:02:00', 11, 'Rfd-29', '', 500, 0),
(125, '2018-06-07 22:02:00', 6, 'Rfd-29', '', 0, 500),
(127, '2018-06-07 22:02:27', 23, 'Rfd-32', '', 2035, 0),
(128, '2018-06-07 22:02:27', 11, 'Rfd-32', '', 0, 109),
(129, '2018-06-07 22:02:27', 21, 'Rfd-32', '', 0, 426),
(130, '2018-06-07 22:02:27', 6, 'Rfd-32', '', 0, 1500),
(134, '2018-06-07 22:05:19', 6, 'Inv-91', '', 3000, 0),
(135, '2018-06-07 22:05:19', 21, 'Inv-91', '', 300, 0),
(136, '2018-06-07 22:05:19', 11, 'Inv-91', '', 3700, 0),
(137, '2018-06-07 22:05:19', 4, 'Inv-91', '', 0, 7000),
(138, '2018-06-07 22:06:13', 23, 'Rfd-33', '', 7000, 0),
(139, '2018-06-07 22:06:13', 11, 'Rfd-33', '', 0, 3700),
(140, '2018-06-07 22:06:13', 21, 'Rfd-33', '', 0, 300),
(141, '2018-06-07 22:06:13', 6, 'Rfd-33', '', 0, 3000),
(145, '2018-06-07 22:06:49', 6, 'Inv-92', '', 2000, 0),
(146, '2018-06-07 22:06:49', 21, 'Inv-92', '', 150, 0),
(147, '2018-06-07 22:06:49', 9, 'Inv-92', '', 1350, 0),
(148, '2018-06-07 22:06:49', 4, 'Inv-92', '', 0, 3500),
(149, '2018-06-07 22:07:01', 6, 'Inv-92', '', 500, 0),
(150, '2018-06-07 22:07:01', 9, 'Inv-92', '', 0, 500),
(151, '2018-06-07 22:11:03', 6, 'Inv-93', '', 1500, 0),
(152, '2018-06-07 22:11:03', 21, 'Inv-93', '', 1000, 0),
(153, '2018-06-07 22:11:03', 11, 'Inv-93', '', 1000, 0),
(154, '2018-06-07 22:11:03', 4, 'Inv-93', '', 0, 3500),
(155, '2018-06-07 22:11:35', 6, 'Inv-93', '', 500, 0),
(156, '2018-06-07 22:11:35', 11, 'Inv-93', '', 0, 500),
(157, '2018-06-07 22:12:02', 11, 'Rfd-34', '', 500, 0),
(158, '2018-06-07 22:12:02', 6, 'Rfd-34', '', 0, 500),
(159, '2018-06-07 22:12:02', 23, 'Rfd-34', '', 3500, 0),
(160, '2018-06-07 22:12:02', 11, 'Rfd-34', '', 0, 1000),
(161, '2018-06-07 22:12:02', 21, 'Rfd-34', '', 0, 1000),
(162, '2018-06-07 22:12:02', 6, 'Rfd-34', '', 0, 1500),
(164, '2018-06-07 22:12:50', 11, 'Rfd-35', '', 500, 0),
(165, '2018-06-07 22:12:50', 6, 'Rfd-35', '', 0, 500),
(166, '2018-06-07 22:12:50', 23, 'Rfd-35', '', 3500, 0),
(167, '2018-06-07 22:12:50', 11, 'Rfd-35', '', 0, 1000),
(168, '2018-06-07 22:12:50', 21, 'Rfd-35', '', 0, 1000),
(169, '2018-06-07 22:12:50', 6, 'Rfd-35', '', 0, 1500),
(171, '2018-06-07 22:14:07', 11, 'Rfd-36', '', 500, 0),
(172, '2018-06-07 22:14:07', 6, 'Rfd-36', '', 0, 500),
(173, '2018-06-07 22:14:07', 23, 'Rfd-36', '', 3500, 0),
(174, '2018-06-07 22:14:07', 11, 'Rfd-36', '', 0, 1000),
(175, '2018-06-07 22:14:07', 21, 'Rfd-36', '', 0, 1000),
(176, '2018-06-07 22:14:07', 6, 'Rfd-36', '', 0, 1500),
(178, '2018-06-07 22:19:58', 23, 'Rfd-37', '', 7000, 0),
(179, '2018-06-07 22:19:58', 11, 'Rfd-37', '', 0, 3700),
(180, '2018-06-07 22:19:58', 21, 'Rfd-37', '', 0, 300),
(181, '2018-06-07 22:19:58', 6, 'Rfd-37', '', 0, 3000),
(185, '2018-06-08 00:19:35', 22, 'RPr-Pur-219', '', 215, 0),
(186, '2018-06-08 00:19:35', 20, 'RPr-Pur-219', '', 870, 0),
(187, '2018-06-08 00:19:35', 6, 'RPr-Pur-219', '', 1000, 0),
(188, '2018-06-08 00:19:35', 24, 'RPr-Pur-219', '', 0, 2085),
(192, '2018-06-08 16:59:40', 6, 'Inv-92', '', 850, 0),
(193, '2018-06-08 16:59:40', 9, 'Inv-92', '', 0, 850),
(194, '2018-06-08 17:00:37', 5, 'Sle-238', '', 1395, 0),
(195, '2018-06-08 17:00:37', 21, 'Sle-238', '', 230, 0),
(196, '2018-06-08 17:00:37', 4, 'Sle-238', '', 0, 1625),
(197, '2018-06-08 17:01:47', 3, 'Pur-0', '', 11500, 0),
(198, '2018-06-08 17:01:47', 6, 'Pur-0', '', 0, 5000),
(199, '2018-06-08 17:01:47', 20, 'Pur-0', '', 0, 4900),
(200, '2018-06-08 17:01:47', 22, 'Pur-0', '', 0, 1600),
(201, '2018-06-08 17:02:50', 20, 'Pur-220', '', 2000, 0),
(202, '2018-06-08 17:02:50', 6, 'Pur-220', '', 0, 2000),
(203, '2018-06-08 17:03:05', 6, 'RPr-220', '', 2000, 0),
(204, '2018-06-08 17:03:05', 20, 'RPr-220', '', 0, 2000),
(206, '2018-06-08 17:04:15', 6, 'Inv-94', '', 30, 0),
(207, '2018-06-08 17:04:15', 21, 'Inv-94', '', 0, 0),
(208, '2018-06-08 17:04:15', 11, 'Inv-94', '', 55, 0),
(209, '2018-06-08 17:04:15', 4, 'Inv-94', '', 0, 85),
(210, '2018-06-08 17:04:54', 23, 'Rfd-38', '', 85, 0),
(211, '2018-06-08 17:04:54', 11, 'Rfd-38', '', 0, 55),
(212, '2018-06-08 17:04:54', 21, 'Rfd-38', '', 0, 0),
(213, '2018-06-08 17:04:54', 6, 'Rfd-38', '', 0, 30),
(217, '2018-06-09 18:53:28', 5, 'Sle-239', '', 1393, 0),
(218, '2018-06-09 18:53:28', 21, 'Sle-239', '', 107, 0),
(219, '2018-06-09 18:53:28', 4, 'Sle-239', '', 0, 1500),
(220, '2018-06-09 18:54:23', 6, 'Inv-95', '', 5000, 0),
(221, '2018-06-09 18:54:23', 21, 'Inv-95', '', 420, 0),
(222, '2018-06-09 18:54:23', 11, 'Inv-95', '', 4110, 0),
(223, '2018-06-09 18:54:23', 4, 'Inv-95', '', 0, 9530),
(224, '2018-06-10 16:10:44', 6, 'Inv-93', 'MCB123', 1000, 0),
(225, '2018-06-10 16:10:44', 11, 'Inv-93', 'MCB123', 0, 1000),
(226, '2018-06-10 16:11:40', 6, 'Inv-94', 'BAHL765', 20, 0),
(227, '2018-06-10 16:11:40', 11, 'Inv-94', 'BAHL765', 0, 20),
(228, '2018-06-10 16:12:48', 6, 'Inv-95', 'BAHL0986', 1000, 0),
(229, '2018-06-10 16:12:48', 11, 'Inv-95', 'BAHL0986', 0, 1000),
(230, '2018-06-10 20:31:39', 6, 'Tax Refund', 'MCB562', 40000, 0),
(231, '2018-06-10 20:42:28', 6, 'TaxRefund', 'BAHL987', 10000, 0),
(232, '2018-06-13 14:03:05', 5, 'Sle-240', '', 85, 0),
(233, '2018-06-13 14:03:05', 21, 'Sle-240', '', 0, 0),
(234, '2018-06-13 14:03:05', 4, 'Sle-240', '', 0, 85),
(235, '2018-06-13 14:05:19', 6, 'Inv-99', NULL, 10, 0),
(236, '2018-06-13 14:05:19', 21, 'Inv-99', NULL, 0, 0),
(237, '2018-06-13 14:05:19', 9, 'Inv-99', NULL, 60, 0),
(238, '2018-06-13 14:05:19', 4, 'Inv-99', NULL, 0, 70),
(239, '2018-06-13 14:13:54', 3, 'Pur-230', NULL, 85, 0),
(240, '2018-06-13 14:13:54', 6, 'Pur-230', NULL, 0, 50),
(241, '2018-06-13 14:13:54', 18, 'Pur-230', NULL, 0, 30),
(242, '2018-06-13 14:13:54', 22, 'Pur-230', NULL, 0, 5),
(243, '2018-06-13 14:16:28', 6, 'Inv-100', NULL, 10, 0),
(244, '2018-06-13 14:16:28', 21, 'Inv-100', NULL, 0, 0),
(245, '2018-06-13 14:16:28', 9, 'Inv-100', NULL, 75, 0),
(246, '2018-06-13 14:16:28', 4, 'Inv-100', NULL, 0, 85),
(247, '2018-06-13 14:28:17', 5, 'Sle-241', NULL, 85, 0),
(248, '2018-06-13 14:28:17', 21, 'Sle-241', NULL, 0, 0),
(249, '2018-06-13 14:28:17', 4, 'Sle-241', NULL, 0, 85),
(250, '2018-06-13 14:28:56', 6, 'Inv-102', NULL, 50, 0),
(251, '2018-06-13 14:28:56', 21, 'Inv-102', NULL, 5, 0),
(252, '2018-06-13 14:28:56', 11, 'Inv-102', NULL, 30, 0),
(253, '2018-06-13 14:28:56', 4, 'Inv-102', NULL, 0, 85),
(254, '2018-06-13 14:36:42', 23, 'tax', 'bahl78', 432, 0),
(255, '2018-06-15 01:38:14', 5, 'Sle-250', '', 70, 0),
(256, '2018-06-15 01:38:14', 21, 'Sle-250', '', 0, 0),
(257, '2018-06-16 01:28:14', 4, 'Sle-250', '', 0, 70),
(258, '2018-06-16 01:32:50', 5, 'Sle-251', '', 75, 0),
(259, '2018-06-14 01:42:50', 21, 'Sle-251', NULL, 0, 0),
(260, '2018-06-14 01:42:50', 4, 'Sle-251', NULL, 0, 70),
(261, '2018-06-14 01:44:16', 5, 'Sle-252', NULL, 70, 0),
(262, '2018-06-14 01:44:16', 21, 'Sle-252', NULL, 0, 0),
(263, '2018-06-14 01:44:16', 4, 'Sle-252', NULL, 0, 70),
(264, '2018-06-14 01:47:08', 5, 'Sle-253', NULL, 3296, 0),
(265, '2018-06-14 01:47:08', 21, 'Sle-253', NULL, 621, 0),
(266, '2018-06-14 01:47:08', 4, 'Sle-253', NULL, 0, 3917),
(267, '2018-06-14 01:48:26', 5, 'Sle-254', NULL, 70, 0),
(268, '2018-06-14 01:48:26', 21, 'Sle-254', NULL, 0, 0),
(269, '2018-06-14 01:48:26', 4, 'Sle-254', NULL, 0, 70),
(270, '2018-06-14 01:48:32', 5, 'Sle-255', NULL, 15, 0),
(271, '2018-06-14 01:48:32', 21, 'Sle-255', NULL, 0, 0),
(272, '2018-06-14 01:48:32', 4, 'Sle-255', NULL, 0, 15),
(273, '2018-06-14 01:48:36', 5, 'Sle-256', NULL, 70, 0),
(274, '2018-06-14 01:48:36', 21, 'Sle-256', NULL, 0, 0),
(275, '2018-06-14 01:48:36', 4, 'Sle-256', NULL, 0, 70),
(276, '2018-06-14 01:48:38', 5, 'Sle-257', NULL, 70, 0),
(277, '2018-06-14 01:48:38', 21, 'Sle-257', NULL, 0, 0),
(278, '2018-06-14 01:48:38', 4, 'Sle-257', NULL, 0, 70),
(279, '2018-06-14 01:48:39', 5, 'Sle-258', NULL, 70, 0),
(280, '2018-06-14 01:48:39', 21, 'Sle-258', NULL, 0, 0),
(281, '2018-06-14 01:48:39', 4, 'Sle-258', NULL, 0, 70),
(282, '2018-06-14 01:48:42', 5, 'Sle-259', NULL, 70, 0),
(283, '2018-06-14 01:48:42', 21, 'Sle-259', NULL, 0, 0),
(284, '2018-06-14 01:48:42', 4, 'Sle-259', NULL, 0, 70),
(285, '2018-06-14 01:48:43', 5, 'Sle-260', NULL, 70, 0),
(286, '2018-06-14 01:48:43', 21, 'Sle-260', NULL, 0, 0),
(287, '2018-06-14 01:48:43', 4, 'Sle-260', NULL, 0, 70),
(288, '2018-06-14 01:48:45', 5, 'Sle-261', NULL, 70, 0),
(289, '2018-06-14 01:48:45', 21, 'Sle-261', NULL, 0, 0),
(290, '2018-06-14 01:48:45', 4, 'Sle-261', NULL, 0, 70),
(291, '2018-06-14 01:48:47', 5, 'Sle-262', NULL, 15, 0),
(292, '2018-06-14 01:48:47', 21, 'Sle-262', NULL, 0, 0),
(293, '2018-06-14 01:48:47', 4, 'Sle-262', NULL, 0, 15),
(294, '2018-06-14 01:48:52', 5, 'Sle-263', NULL, 15, 0),
(295, '2018-06-14 01:48:52', 21, 'Sle-263', NULL, 0, 0),
(296, '2018-06-14 01:48:52', 4, 'Sle-263', NULL, 0, 15),
(297, '2018-06-14 01:49:06', 5, 'Sle-264', NULL, 159, 0),
(298, '2018-06-14 01:49:06', 21, 'Sle-264', NULL, 0, 0),
(299, '2018-06-14 01:49:06', 4, 'Sle-264', NULL, 0, 159),
(300, '2018-06-14 02:03:24', 23, 'Rfd-40', NULL, 85, 0),
(301, '2018-06-14 02:03:24', 5, 'Rfd-40', NULL, 0, 85),
(302, '2018-06-14 02:03:24', 21, 'Rfd-40', NULL, 0, 0),
(303, '2018-06-14 02:04:09', 23, 'Rfd-41', NULL, 3874, 0),
(304, '2018-06-14 02:04:09', 5, 'Rfd-41', NULL, 0, 2354),
(305, '2018-06-14 02:04:09', 21, 'Rfd-41', NULL, 0, 1520),
(306, '2018-06-14 02:54:21', 5, 'Sle-265', NULL, 70, 0),
(307, '2018-06-14 02:54:21', 21, 'Sle-265', NULL, 0, 0),
(308, '2018-06-14 02:54:21', 4, 'Sle-265', NULL, 0, 70),
(309, '2018-06-14 02:55:50', 5, 'Sle-103', NULL, 70, 0),
(310, '2018-06-14 02:55:50', 21, 'Sle-103', NULL, 0, 0),
(311, '2018-06-14 02:55:50', 4, 'Sle-103', NULL, 0, 70),
(312, '2018-06-14 02:57:39', 5, 'Sle-104', NULL, 1448, 0),
(313, '2018-06-14 02:57:39', 21, 'Sle-104', NULL, 90, 0),
(314, '2018-06-14 02:57:39', 4, 'Sle-104', NULL, 0, 1537),
(315, '2018-06-14 02:59:23', 5, 'Sle-105', NULL, 138, 0),
(316, '2018-06-14 02:59:23', 21, 'Sle-105', NULL, 0, 0),
(317, '2018-06-14 02:59:23', 4, 'Sle-105', NULL, 0, 138),
(318, '2018-06-14 03:09:34', 6, 'Inv-107', NULL, 100, 0),
(319, '2018-06-14 03:09:34', 21, 'Inv-107', NULL, 40, 0),
(320, '2018-06-14 03:09:34', 11, 'Inv-107', NULL, 25, 0),
(321, '2018-06-14 03:09:34', 4, 'Inv-107', NULL, 0, 165),
(322, '2018-06-14 03:11:07', 6, 'Inv-108', NULL, 5000, 0),
(323, '2018-06-14 03:11:07', 21, 'Inv-108', NULL, 1482, 0),
(324, '2018-06-14 03:11:07', 11, 'Inv-108', NULL, 2220, 0),
(325, '2018-06-14 03:11:07', 4, 'Inv-108', NULL, 0, 8702),
(326, '2018-06-14 18:37:37', 3, 'Pur-0', NULL, 70, 0),
(327, '2018-06-14 18:37:37', 6, 'Pur-0', NULL, 0, 70),
(328, '2018-06-14 18:37:37', 18, 'Pur-0', NULL, 0, 0),
(329, '2018-06-14 18:37:37', 22, 'Pur-0', NULL, 0, 0),
(330, '2018-06-14 19:17:44', 6, 'Inv-108', 'hbl0988', 1000, 0),
(331, '2018-06-14 19:17:44', 11, 'Inv-108', 'hbl0988', 0, 1000),
(332, '2018-06-14 19:39:21', 6, 'Inv-32', '', 34, 0),
(333, '2018-06-14 19:39:21', 9, 'Inv-32', '', 0, 34),
(334, '2018-06-14 20:08:07', 6, 'Inv-114', NULL, 10, 0),
(335, '2018-06-14 20:08:07', 21, 'Inv-114', NULL, 0, 0),
(336, '2018-06-14 20:08:07', 9, 'Inv-114', NULL, 88, 0),
(337, '2018-06-14 20:08:07', 4, 'Inv-114', NULL, 0, 98),
(338, '2018-06-14 22:17:34', 6, 'Inv-115', NULL, 20, 0),
(339, '2018-06-14 22:17:34', 21, 'Inv-115', NULL, 40, 0),
(340, '2018-06-14 22:17:34', 11, 'Inv-115', NULL, 10, 0),
(341, '2018-06-14 22:17:34', 4, 'Inv-115', NULL, 0, 70),
(342, '2018-06-15 04:38:08', 5, 'Sle-266', NULL, 699999930, 0),
(343, '2018-06-15 04:38:08', 21, 'Sle-266', NULL, 0, 0),
(344, '2018-06-15 04:38:08', 4, 'Sle-266', NULL, 0, 699999930),
(345, '2018-06-21 16:20:37', 5, 'Sle-267', NULL, 15, 0),
(346, '2018-06-21 16:20:37', 21, 'Sle-267', NULL, 0, 0),
(347, '2018-06-21 16:20:37', 4, 'Sle-267', NULL, 0, 15),
(348, '2018-06-21 16:20:58', 6, 'Inv-116', NULL, 10, 0),
(349, '2018-06-21 16:20:58', 21, 'Inv-116', NULL, 0, 0),
(350, '2018-06-21 16:20:58', 9, 'Inv-116', NULL, 5, 0),
(351, '2018-06-21 16:20:58', 4, 'Inv-116', NULL, 0, 15),
(352, '2018-06-21 16:21:27', 3, 'Pur-233', NULL, 15, 0),
(353, '2018-06-21 16:21:27', 6, 'Pur-233', NULL, 0, 9),
(354, '2018-06-21 16:21:27', 18, 'Pur-233', NULL, 0, 6),
(355, '2018-06-21 16:21:27', 22, 'Pur-233', NULL, 0, 0),
(356, '2018-06-21 19:49:48', 5, 'Sle-268', NULL, 68500, 0),
(357, '2018-06-21 19:49:48', 21, 'Sle-268', NULL, 6500, 0),
(358, '2018-06-21 19:49:48', 4, 'Sle-268', NULL, 0, 75000);

-- --------------------------------------------------------

--
-- Table structure for table `headOfAccounts`
--

CREATE TABLE `headOfAccounts` (
  `id` int(9) NOT NULL,
  `description` varchar(50) NOT NULL,
  `computation` int(1) NOT NULL
) ENGINE=InnoDB DEFAULT CHARSET=latin1;

--
-- Dumping data for table `headOfAccounts`
--

INSERT INTO `headOfAccounts` (`id`, `description`, `computation`) VALUES
(1, 'A/C Recievable', 1),
(2, 'A/C Payable', 0),
(3, 'Purchase', 1),
(4, 'Sale', 0),
(5, 'Cash', 1),
(6, 'Bank', 1),
(9, 'Customer0-R', 1),
(10, 'Customer19-R', 1),
(11, 'Customer123-R', 1),
(12, 'Customer124-R', 1),
(18, 'Supplier0-P', 0),
(20, 'Supplier1-P', 0),
(21, 'SalesDiscount', 1),
(22, 'PurchaseDiscount', 0),
(23, 'SalesReturn', 1),
(24, 'PurchaseReturn', 0),
(25, 'Expenses', 1),
(26, 'Tax', 1),
(35, 'Customer138-R', 1),
(36, 'Customer139-R', 1),
(37, 'Customer140-R', 1);

-- --------------------------------------------------------

--
-- Table structure for table `inventoryVal`
--

CREATE TABLE `inventoryVal` (
  `id` int(11) NOT NULL,
  `dateTime` timestamp NOT NULL DEFAULT CURRENT_TIMESTAMP,
  `inventory` int(12) NOT NULL
) ENGINE=InnoDB DEFAULT CHARSET=latin1;

--
-- Dumping data for table `inventoryVal`
--

INSERT INTO `inventoryVal` (`id`, `dateTime`, `inventory`) VALUES
(1, '2018-06-09 20:49:14', 155254249),
(2, '2018-06-11 16:19:34', 155876249),
(3, '2018-06-13 09:02:39', 155876249),
(4, '2018-06-14 15:12:02', 155876249),
(5, '2018-06-14 22:41:03', 155876249),
(6, '2018-06-23 06:39:11', 155876249);

-- --------------------------------------------------------

--
-- Table structure for table `invoice`
--

CREATE TABLE `invoice` (
  `id` int(7) NOT NULL,
  `employeeId` int(2) NOT NULL,
  `amount` int(9) NOT NULL,
  `amountRecieved` int(9) NOT NULL DEFAULT '0',
  `discount` int(9) NOT NULL,
  `transportKey` varchar(10) DEFAULT NULL,
  `transportAgency` varchar(10) DEFAULT NULL,
  `buyerId` int(4) NOT NULL,
  `timeStamp` timestamp NOT NULL DEFAULT CURRENT_TIMESTAMP ON UPDATE CURRENT_TIMESTAMP
) ENGINE=InnoDB DEFAULT CHARSET=latin1;

--
-- Dumping data for table `invoice`
--

INSERT INTO `invoice` (`id`, `employeeId`, `amount`, `amountRecieved`, `discount`, `transportKey`, `transportAgency`, `buyerId`, `timeStamp`) VALUES
(1, 1, 85, 85, 0, '', NULL, 0, '2018-06-01 19:48:02'),
(5, 1, 70, 70, 0, '', NULL, 0, '2018-05-30 17:34:40'),
(6, 1, 70, 70, 0, '', NULL, 0, '2018-05-30 17:35:13'),
(7, 1, 125, 125, 0, '', NULL, 0, '2018-05-30 17:35:25'),
(8, 1, 125, 125, 0, '', NULL, 0, '2018-05-30 17:35:51'),
(9, 1, 11830, 11830, 0, '', NULL, 0, '2018-05-30 17:37:40'),
(10, 1, 70, 60, 0, '', NULL, 123, '2018-06-10 11:00:36'),
(11, 1, 7799, 7000, 0, '', NULL, 123, '2018-06-03 09:48:38'),
(12, 1, 16410, 16410, 0, '', NULL, 19, '2018-06-01 12:43:44'),
(13, 1, 1500, 1500, 0, '', NULL, 19, '2018-06-02 12:00:22'),
(14, 1, 12000, 12000, 0, '', NULL, 124, '2018-06-02 14:57:10'),
(17, 1, 40, 20, 0, '', NULL, 0, '2018-06-02 22:00:12'),
(18, 1, 40, 35, 0, '', NULL, 0, '2018-06-10 11:02:15'),
(19, 1, 40, 40, 0, '', NULL, 0, '2018-06-02 22:02:55'),
(20, 1, 40, 30, 0, '', NULL, 0, '2018-06-02 22:06:39'),
(21, 1, 40, 60, 0, '', NULL, 0, '2018-06-02 22:07:11'),
(22, 1, 70, 40, 0, '', NULL, 0, '2018-06-02 22:10:06'),
(23, 1, 9890, 7000, 0, '', NULL, 0, '2018-06-03 09:49:28'),
(24, 1, 0, 123, 0, '', NULL, 0, '2018-06-03 09:29:14'),
(25, 1, 0, 123, 0, '', NULL, 0, '2018-06-03 09:31:59'),
(26, 1, 0, 123, 0, '', NULL, 0, '2018-06-03 09:32:58'),
(27, 1, 70, 1, 0, '', NULL, 0, '2018-06-03 09:36:47'),
(28, 1, 70, 1, 0, '', NULL, 0, '2018-06-03 09:38:02'),
(29, 1, 0, 1231, 0, '', NULL, 123, '2018-06-03 09:39:00'),
(30, 1, 0, 1, 0, '', NULL, 0, '2018-06-03 09:40:28'),
(31, 1, 25036, 24000, 0, '', NULL, 0, '2018-06-03 16:35:21'),
(32, 1, 70, 34, 0, 'fe', NULL, 0, '2018-06-14 14:39:21'),
(33, 1, 3500, 0, 0, '', NULL, 0, '2018-06-03 10:29:25'),
(34, 1, 3500, 3000, 0, '', NULL, 123, '2018-06-03 10:30:40'),
(35, 1, 25000, 15000, 0, '', NULL, 0, '2018-06-03 10:38:07'),
(36, 1, 865, 400, 0, '', NULL, 0, '2018-06-03 21:59:25'),
(37, 1, 125, 0, 0, '', NULL, 0, '2018-06-03 22:01:41'),
(38, 1, 1640, 1000, 0, '', NULL, 0, '2018-06-03 22:01:58'),
(39, 1, 110, 10, 0, '', NULL, 0, '2018-06-03 22:08:19'),
(40, 1, 70, 30, 0, '', NULL, 0, '2018-06-03 22:11:41'),
(41, 1, 70, 10, 0, '', NULL, 0, '2018-06-03 22:12:52'),
(42, 1, 70, 10, 0, '', NULL, 0, '2018-06-03 22:16:14'),
(43, 1, 70, 10, 0, '', NULL, 0, '2018-06-03 22:19:19'),
(44, 1, 70, 10, 0, '', NULL, 0, '2018-06-03 22:19:37'),
(45, 1, 125, 100, 0, '', NULL, 0, '2018-06-03 22:22:38'),
(46, 1, 85, 60, 0, '', NULL, 0, '2018-06-03 22:24:03'),
(47, 1, 70, 40, 0, '', NULL, 0, '2018-06-03 22:28:18'),
(48, 1, 70, 6, 0, '', NULL, 123, '2018-06-03 22:30:29'),
(49, 1, 125, 40, 0, '', NULL, 0, '2018-06-03 22:31:11'),
(50, 1, 125, 0, 0, '', NULL, 0, '2018-06-03 22:44:04'),
(51, 1, 125, 100, 0, '', NULL, 123, '2018-06-03 22:44:15'),
(52, 1, 70, 20, 0, '', NULL, 0, '2018-06-03 22:49:47'),
(53, 1, 15, 10, 0, '', NULL, 123, '2018-06-03 22:50:37'),
(54, 1, 85, 10, 0, '', NULL, 123, '2018-06-03 22:52:10'),
(55, 1, 15, 10, 0, '', NULL, 0, '2018-06-03 22:52:26'),
(56, 1, 70, 30, 0, '', NULL, 123, '2018-06-03 22:52:56'),
(57, 1, 1470, 1000, 0, '', NULL, 0, '2018-06-05 15:28:28'),
(58, 1, 2240, 2000, 0, '', NULL, 0, '2018-06-05 15:32:45'),
(59, 1, 70, 10, 0, '', NULL, 0, '2018-06-05 15:39:22'),
(60, 1, 70, 10, 0, '', NULL, 0, '2018-06-05 15:39:40'),
(61, 1, 70, 12, 0, '', NULL, 0, '2018-06-05 15:40:01'),
(62, 1, 8610, 3000, 0, '', NULL, 0, '2018-06-05 15:42:12'),
(63, 1, 1470, 1000, 0, '', NULL, 0, '2018-06-05 15:47:26'),
(64, 1, 70, 10, 0, '', NULL, 0, '2018-06-05 15:47:48'),
(65, 1, 70, 10, 0, '', NULL, 0, '2018-06-05 15:49:26'),
(66, 1, 70, 1, 0, '', NULL, 0, '2018-06-05 15:50:16'),
(67, 1, 70, 1, 0, '', NULL, 0, '2018-06-05 15:53:47'),
(68, 1, 70, 1, 0, '', NULL, 0, '2018-06-05 15:56:23'),
(69, 1, 70, 1, 0, '', NULL, 0, '2018-06-05 16:02:18'),
(70, 1, 70, 1, 0, '', NULL, 0, '2018-06-05 16:02:52'),
(71, 1, 70, 1, 0, '', NULL, 0, '2018-06-05 16:05:07'),
(73, 1, 70, 1, 0, '', NULL, 0, '2018-06-05 16:10:59'),
(74, 1, 2150, 0, 0, '', NULL, 0, '2018-06-05 16:14:08'),
(75, 1, 2150, 1500, 0, '', NULL, 123, '2018-06-05 16:14:24'),
(76, 1, 125, 100, 0, '', NULL, 123, '2018-06-05 16:21:59'),
(77, 1, 70, 10, 0, '', NULL, 0, '2018-06-05 16:29:08'),
(78, 1, 70, 1, 0, '', NULL, 0, '2018-06-05 16:31:29'),
(79, 1, 70, 1, 0, '', NULL, 0, '2018-06-05 17:02:31'),
(80, 1, 12464, 0, 0, '', NULL, 0, '2018-06-05 17:03:41'),
(81, 1, 12464, 11500, 0, '', NULL, 123, '2018-06-05 17:37:14'),
(84, 1, 70, 70, 0, '', NULL, 0, '2018-06-05 17:39:08'),
(87, 1, 550, 500, 150, '', NULL, 0, '2018-06-06 16:54:26'),
(88, 1, 199, 150, 66, '', NULL, 0, '2018-06-06 16:57:51'),
(89, 1, 1609, 1500, 426, '', NULL, 123, '2018-06-06 17:00:07'),
(90, 1, 0, 0, 0, '', NULL, 123, '2018-06-07 14:12:08'),
(91, 1, 6700, 3000, 300, '', NULL, 123, '2018-06-07 17:05:19'),
(92, 1, 3350, 3350, 150, '', NULL, 0, '2018-06-08 11:59:40'),
(93, 1, 2500, 3000, 1000, '', NULL, 123, '2018-06-10 11:10:44'),
(94, 1, 85, 50, 0, '', NULL, 123, '2018-06-10 11:11:40'),
(95, 1, 9110, 6000, 420, 'asd', NULL, 123, '2018-06-10 11:17:14'),
(96, 1, 108, 0, 0, '', NULL, 0, '2018-06-11 16:53:08'),
(97, 1, 108, 0, 0, '', NULL, 0, '2018-06-11 16:53:19'),
(98, 1, 85, 30, 0, '', NULL, 0, '2018-06-13 09:02:55'),
(99, 1, 70, 10, 0, NULL, NULL, 0, '2018-06-13 09:05:19'),
(100, 1, 85, 10, 0, NULL, NULL, 0, '2018-06-13 09:16:28'),
(101, 1, 85, 0, 0, NULL, NULL, 123, '2018-06-13 09:28:45'),
(102, 1, 80, 50, 5, NULL, NULL, 123, '2018-06-13 09:28:56'),
(103, 0, 70, 10, 0, NULL, NULL, 0, '2018-06-13 21:55:50'),
(104, 0, 1448, 1000, 89, NULL, NULL, 123, '2018-06-13 21:57:39'),
(105, 0, 138, 12, 0, NULL, NULL, 0, '2018-06-13 21:59:23'),
(106, 0, 14910, 10000, 55, NULL, NULL, 123, '2018-06-13 22:07:26'),
(107, 0, 125, 100, 40, NULL, NULL, 123, '2018-06-13 22:09:34'),
(108, 0, 7220, 7000, 1482, NULL, NULL, 123, '2018-06-14 14:17:44'),
(109, 0, 70, 100, 0, 'asd32', NULL, 0, '2018-06-14 14:12:45'),
(110, 1, 70, 0, 0, NULL, NULL, 0, '2018-06-14 14:58:20'),
(111, 1, 5600, 0, 0, NULL, NULL, 0, '2018-06-14 15:00:32'),
(112, 0, 125, 0, 0, 'lkjl', 'kjlk', 0, '2018-06-14 22:50:59'),
(113, 0, 70, 10, 0, '4567', '4576', 0, '2018-06-14 22:54:15'),
(114, 0, 98, 10, 0, NULL, NULL, 0, '2018-06-14 15:08:07'),
(115, 0, 30, 20, 40, NULL, NULL, 123, '2018-06-14 17:17:34'),
(116, 0, 15, 10, 0, NULL, NULL, 0, '2018-06-21 11:20:57'),
(117, 0, 70, 0, 0, NULL, NULL, 0, '2018-06-21 17:10:54');

-- --------------------------------------------------------

--
-- Table structure for table `invoicePayment`
--

CREATE TABLE `invoicePayment` (
  `paymentId` int(9) NOT NULL,
  `invoiceId` int(11) NOT NULL,
  `dateTime` timestamp NOT NULL DEFAULT CURRENT_TIMESTAMP,
  `amount` int(9) NOT NULL
) ENGINE=InnoDB DEFAULT CHARSET=latin1;

--
-- Dumping data for table `invoicePayment`
--

INSERT INTO `invoicePayment` (`paymentId`, `invoiceId`, `dateTime`, `amount`) VALUES
(1, 31, '2018-06-03 16:35:21', 2000),
(2, 81, '2018-06-05 17:35:33', 4000),
(3, 81, '2018-06-05 17:36:26', 1000),
(4, 81, '2018-06-05 17:37:14', 500),
(5, 84, '2018-06-05 17:39:08', 69),
(6, 92, '2018-06-07 17:07:01', 500),
(7, 93, '2018-06-07 17:11:35', 500),
(8, 92, '2018-06-08 11:59:40', 850),
(9, 10, '2018-06-10 11:00:36', 10),
(10, 18, '2018-06-10 11:02:15', 5),
(11, 93, '2018-06-10 11:10:44', 1000),
(12, 94, '2018-06-10 11:11:40', 20),
(13, 95, '2018-06-10 11:12:48', 1000),
(14, 109, '2018-06-14 14:12:44', 50),
(15, 109, '2018-06-14 14:12:45', 50),
(16, 108, '2018-06-14 14:13:33', 1000),
(17, 108, '2018-06-14 14:17:44', 1000),
(18, 32, '2018-06-14 14:39:21', 34);

-- --------------------------------------------------------

--
-- Table structure for table `productinvoice`
--

CREATE TABLE `productinvoice` (
  `invoiceId` int(11) NOT NULL,
  `product` int(4) NOT NULL,
  `quantity` int(5) NOT NULL,
  `price` int(6) NOT NULL,
  `discount` int(6) NOT NULL
) ENGINE=InnoDB DEFAULT CHARSET=latin1;

--
-- Dumping data for table `productinvoice`
--

INSERT INTO `productinvoice` (`invoiceId`, `product`, `quantity`, `price`, `discount`) VALUES
(0, 2, 1, 15, 0),
(0, 3, 1, 70, 0),
(5, 3, 1, 70, 0),
(6, 3, 1, 70, 0),
(7, 1, 1, 40, 0),
(7, 2, 1, 15, 0),
(7, 3, 1, 70, 0),
(8, 1, 1, 40, 0),
(8, 2, 1, 15, 0),
(8, 3, 1, 70, 0),
(9, 2, 12, 11, 0),
(9, 3, 234, 50, 0),
(10, 3, 1, 70, 0),
(11, 1, 123, 39, 0),
(11, 2, 123, 13, 0),
(11, 3, 21, 67, 0),
(12, 3, 10, 70, 0),
(12, 9, 100, 135, 0),
(12, 11, 3, 170, 0),
(12, 15, 150, 11, 0),
(13, 3, 40, 38, 0),
(14, 1, 324, 37, 0),
(28, 3, 1, 70, 0),
(30, 1, 323, 40, 0),
(30, 2, 700, 14, 0),
(31, 2, 1, 15, 0),
(31, 3, 500, 50, 0),
(31, 10, 1, 21, 0),
(34, 3, 50, 70, 0),
(35, 3, 500, 50, 0),
(36, 1, 13, 40, 0),
(36, 2, 23, 15, 0),
(38, 1, 21, 40, 0),
(38, 2, 2, 15, 0),
(38, 3, 11, 70, 0),
(39, 1, 1, 40, 0),
(39, 3, 1, 70, 0),
(40, 3, 1, 70, 0),
(41, 3, 1, 70, 0),
(42, 3, 1, 70, 0),
(43, 3, 1, 70, 0),
(44, 3, 1, 70, 0),
(45, 1, 1, 40, 0),
(45, 2, 1, 15, 0),
(45, 3, 1, 70, 0),
(46, 2, 1, 15, 0),
(46, 3, 1, 70, 0),
(47, 3, 1, 70, 0),
(48, 3, 1, 70, 0),
(49, 1, 1, 40, 0),
(49, 2, 1, 15, 0),
(49, 3, 1, 70, 0),
(51, 1, 1, 40, 0),
(51, 2, 1, 15, 0),
(51, 3, 1, 70, 0),
(52, 3, 1, 70, 0),
(53, 2, 1, 15, 0),
(54, 2, 1, 15, 0),
(54, 3, 1, 70, 0),
(55, 2, 1, 15, 0),
(56, 3, 1, 70, 0),
(57, 3, 21, 70, 0),
(58, 3, 32, 70, 0),
(59, 3, 1, 70, 0),
(60, 3, 1, 70, 0),
(61, 3, 1, 70, 0),
(62, 3, 123, 70, 0),
(63, 3, 21, 70, 0),
(64, 3, 1, 70, 0),
(65, 3, 1, 70, 0),
(66, 3, 1, 70, 0),
(67, 3, 1, 70, 0),
(68, 3, 1, 70, 0),
(69, 3, 1, 70, 0),
(70, 3, 1, 70, 0),
(71, 3, 1, 70, 0),
(73, 3, 1, 70, 0),
(75, 2, 50, 15, 0),
(75, 3, 20, 70, 0),
(76, 1, 1, 40, 0),
(76, 2, 1, 15, 0),
(76, 3, 1, 70, 0),
(77, 3, 1, 70, 0),
(78, 3, 1, 70, 0),
(79, 3, 1, 70, 0),
(81, 1, 32, 40, 0),
(81, 2, 12, 15, 0),
(81, 3, 123, 70, 0),
(81, 10, 114, 21, 0),
(84, 3, 1, 70, 0),
(87, 3, 10, 55, 15),
(88, 2, 13, 13, 2),
(88, 3, 1, 30, 40),
(89, 1, 11, 39, 1),
(89, 2, 13, 14, 1),
(89, 3, 20, 50, 20),
(91, 3, 100, 67, 3),
(92, 3, 50, 67, 3),
(93, 3, 50, 50, 20),
(94, 2, 1, 15, 0),
(94, 3, 1, 70, 0),
(95, 1, 19, 20, 20),
(95, 2, 20, 13, 2),
(95, 3, 121, 70, 0),
(99, 3, 1, 70, 0),
(100, 2, 1, 15, 0),
(100, 3, 1, 70, 0),
(102, 2, 1, 10, 5),
(102, 3, 1, 70, 0),
(103, 3, 1, 70, 0),
(104, 1, 1, 40, 0),
(104, 2, 15, 13, 2),
(104, 3, 15, 67, 3),
(104, 10, 10, 20, 1),
(104, 15, 1, 13, 0),
(105, 1, 1, 40, 0),
(105, 2, 1, 15, 0),
(105, 3, 1, 70, 0),
(105, 15, 1, 13, 0),
(106, 1, 20, 40, 0),
(106, 2, 11, 10, 5),
(106, 3, 200, 70, 0),
(107, 1, 2, 20, 20),
(107, 2, 1, 15, 0),
(107, 3, 1, 70, 0),
(108, 1, 152, 30, 10),
(108, 2, 42, 10, 5),
(108, 3, 21, 80, -10),
(108, 10, 10, 20, 1),
(108, 15, 24, 15, -2),
(115, 3, 1, 30, 0),
(116, 2, 1, 15, 0);

-- --------------------------------------------------------

--
-- Table structure for table `productpurchase`
--

CREATE TABLE `productpurchase` (
  `purchaseId` int(11) NOT NULL,
  `product` int(4) NOT NULL,
  `quantity` int(5) NOT NULL,
  `price` int(6) NOT NULL,
  `discount` int(6) NOT NULL
) ENGINE=InnoDB DEFAULT CHARSET=latin1;

--
-- Dumping data for table `productpurchase`
--

INSERT INTO `productpurchase` (`purchaseId`, `product`, `quantity`, `price`, `discount`) VALUES
(0, 2, 300, 13, 2),
(0, 3, 100, 60, 10),
(199, 3, 213, 45, 0),
(200, 1, 11, 40, 0),
(200, 3, 10, 70, 0),
(200, 15, 16, 13, 0),
(201, 3, 2, 70, 0),
(202, 1, 125, 40, 0),
(203, 1, -125, 40, 0),
(207, 3, 133, 70, 0),
(208, 3, 167, 70, 0),
(209, 16, 23, 150, 0),
(210, 1, 100, 40, 0),
(211, 2, 100, 15, 0),
(211, 19, 500, 400, 0),
(212, 3, 100, 70, 0),
(213, 3, 20, 70, 0),
(214, 2, 10000, 15, 0),
(214, 3, 100, 70, 0),
(215, 2, 100, 15, 0),
(215, 3, 100, 70, 0),
(216, 3, 1, 70, 0),
(217, 3, 2, 45, 25),
(218, 3, 1, 60, 10),
(219, 1, 50, 36, 4),
(219, 2, 1, 10, 5),
(219, 3, 1, 60, 10),
(230, 2, 1, 10, 5),
(230, 3, 1, 70, 0);

-- --------------------------------------------------------

--
-- Table structure for table `productquotes`
--

CREATE TABLE `productquotes` (
  `quoteId` int(11) NOT NULL,
  `product` int(4) NOT NULL,
  `quantity` int(5) NOT NULL,
  `price` int(6) NOT NULL,
  `discount` int(6) NOT NULL
) ENGINE=InnoDB DEFAULT CHARSET=latin1;

--
-- Dumping data for table `productquotes`
--

INSERT INTO `productquotes` (`quoteId`, `product`, `quantity`, `price`, `discount`) VALUES
(0, 3, 1, 70, 0),
(199, 1, 1, 40, 0),
(202, 1, 323, 40, 0),
(202, 2, 700, 14, 0),
(204, 3, 40, 63, 0),
(205, 2, 200, 13, 0),
(205, 3, 123, 70, 0),
(206, 3, 1, 70, 0),
(207, 3, 1, 70, 0),
(208, 3, 1, 70, 0),
(209, 3, 1, 70, 0),
(210, 3, 1, 70, 0),
(211, 1, 123, 40, 0),
(211, 2, 0, 15, 0),
(211, 3, 10, 70, 0),
(215, 1, 32, 40, 0),
(215, 3, 123, 70, 0),
(216, 2, 700, 15, 0),
(217, 2, 1, 15, 0),
(217, 3, 500, 50, 0),
(217, 10, 1, 21, 0),
(218, 3, 500, 50, 0),
(219, 3, 2, 54, 16),
(222, 1, 1, 40, 0),
(222, 2, 1, 15, 0),
(222, 3, 1, 70, 0),
(223, 1, 1, 40, 0),
(223, 2, 1, 15, 0),
(223, 3, 1, 70, 0),
(224, 3, 1, 70, 0),
(225, 2, 1, 5, 10),
(225, 3, 2, 65, 5),
(226, 2, 12, 10, 5),
(226, 3, 1, 50, 20),
(226, 10, 13, 20, 1),
(226, 15, 1, 12, 1),
(227, 3, 1, 10, 60),
(228, 3, 1, 30, 40),
(229, 2, 1, 15, 0);

-- --------------------------------------------------------

--
-- Table structure for table `productrefund`
--

CREATE TABLE `productrefund` (
  `refundId` int(11) NOT NULL,
  `product` int(4) NOT NULL,
  `quantity` int(5) NOT NULL,
  `price` int(6) NOT NULL,
  `discount` int(6) NOT NULL
) ENGINE=InnoDB DEFAULT CHARSET=latin1;

--
-- Dumping data for table `productrefund`
--

INSERT INTO `productrefund` (`refundId`, `product`, `quantity`, `price`, `discount`) VALUES
(1, 1, 23, 40, 0),
(2, 1, 1, 40, 0),
(3, 1, 20, 40, 0),
(4, 1, 1, 40, 0),
(5, 1, 1, 40, 0),
(6, 1, 20, 40, 0),
(7, 3, 1, 70, 0),
(8, 3, 1, 70, 0),
(9, 10, 70, 21, 0),
(10, 3, 40, 65, 0),
(16, 3, 2, 40, 30),
(17, 2, 1, 10, 5),
(17, 3, 1, 50, 20),
(18, 2, 2, 13, 2),
(18, 3, 1, 60, 10),
(19, 2, 2, 13, 2),
(19, 3, 1, 60, 10),
(21, 1, 3, 37, 3),
(21, 2, 1, 12, 3),
(21, 3, 1, 65, 5),
(25, 1, 32, 40, 0),
(25, 2, 12, 15, 0),
(25, 3, 123, 70, 0),
(25, 10, 114, 21, 0),
(26, 1, 32, 40, 0),
(26, 2, 12, 15, 0),
(26, 3, 123, 70, 0),
(26, 10, 114, 21, 0),
(28, 2, 1, 15, 0),
(28, 3, 500, 50, 0),
(28, 10, 1, 21, 0),
(29, 1, 32, 40, 0),
(29, 2, 12, 15, 0),
(29, 3, 123, 70, 0),
(29, 10, 114, 21, 0),
(30, 1, 11, 39, 1),
(30, 2, 13, 14, 1),
(30, 3, 20, 50, 20),
(31, 1, 11, 39, 1),
(31, 2, 13, 14, 1),
(31, 3, 20, 50, 20),
(32, 1, 11, 39, 1),
(32, 2, 13, 14, 1),
(32, 3, 20, 50, 20),
(33, 3, 100, 67, 3),
(34, 3, 50, 50, 20),
(35, 3, 50, 50, 20),
(36, 3, 50, 50, 20),
(37, 3, 100, 67, 3),
(38, 2, 1, 15, 0),
(38, 3, 1, 70, 0),
(40, 2, 1, 15, 0),
(40, 3, 1, 70, 0),
(41, 1, 76, 20, 20),
(41, 2, 2, 15, 0),
(41, 3, 11, 70, 0),
(41, 10, 1, 21, 0),
(41, 15, 1, 13, 0);

-- --------------------------------------------------------

--
-- Table structure for table `products`
--

CREATE TABLE `products` (
  `id` int(4) NOT NULL,
  `name` varchar(50) NOT NULL,
  `type` int(2) NOT NULL,
  `costPrice` float NOT NULL,
  `sellingPrice` float NOT NULL,
  `minLevel` int(6) NOT NULL,
  `barcode` varchar(20) NOT NULL,
  `codeName` varchar(10) NOT NULL
) ENGINE=InnoDB DEFAULT CHARSET=latin1;

--
-- Dumping data for table `products`
--

INSERT INTO `products` (`id`, `name`, `type`, `costPrice`, `sellingPrice`, `minLevel`, `barcode`, `codeName`) VALUES
(1, 'toothick', 1, 25, 50, 40, '9878', 'TP25'),
(2, 'baloons', 2, 10, 15, 300, '0909', 'BAL10'),
(3, 'brush', 1, 45, 70, 250, '1231', 'BRSH'),
(4, 'biofad', 1, 100, 200, 50, '232', 'BFD200'),
(5, 'Cream', 1, 50, 125, 30, '8961631623032', 'CRM50'),
(6, 'Phone', 1, 10000, 20000, 5, '6941059601302', 'PHN1000'),
(7, 'nokia', 1, 2000, 4500, 30, '6438409604057', 'NK121'),
(8, 'band', 2, 1000, 2500, 340, '980', 'BAND343'),
(9, 'charger', 3, 121, 150, 40, '345', 'CHRG121'),
(10, 'keyboard', 3, 2, 21, 12, '87', 'KYBCHN'),
(11, 'bag', 3, 150, 170, 10, '59', 'BG'),
(12, 'cup', 3, 12, 113, 12, '453', 'CP'),
(14, 'book', 3, 123, 1123, 12, '4561', 'BK'),
(15, 'earphones', 3, 12, 13, 123, '3451', 'EP'),
(16, 'pillow', 3, 137, 150, 90, '700', 'PL'),
(17, 'cupboard', 3, 12, 14445, 1123, '742', 'CB1'),
(18, 'fan', 3, 340, 600, 10, '8901030323775', 'FAN'),
(19, 'carpet', 3, 150, 400, 20, '63063', 'CRP'),
(20, 'ac', 3, 5000, 10000, 20, '24691', 'AC'),
(21, 'frame', 3, 1320940, 8538330000, 424, '23425', 'FRM'),
(22, 'chair', 3, 0, 0, 0, '3245345634', ''),
(23, 'mi band charger', 3, 12, 14, 12, '52', 'MBC');

-- --------------------------------------------------------

--
-- Table structure for table `productsale`
--

CREATE TABLE `productsale` (
  `saleId` int(11) NOT NULL,
  `product` int(4) NOT NULL,
  `quantity` int(5) NOT NULL,
  `price` int(6) NOT NULL,
  `discount` int(6) NOT NULL
) ENGINE=InnoDB DEFAULT CHARSET=latin1;

--
-- Dumping data for table `productsale`
--

INSERT INTO `productsale` (`saleId`, `product`, `quantity`, `price`, `discount`) VALUES
(0, 3, 1, 70, 0),
(14, 1, 2, 40, 0),
(14, 2, 2, 15, 0),
(14, 3, 1, 70, 0),
(15, 2, 12, 15, 0),
(16, 2, 1, 15, 0),
(16, 3, 1, 70, 0),
(17, 2, 1, 15, 0),
(18, 1, 3, 40, 0),
(18, 2, 1, 15, 0),
(19, 1, 10, 40, 0),
(19, 2, 10, 15, 0),
(20, 1, 4, 40, 0),
(21, 1, 5, 40, 0),
(22, 1, 1, 40, 0),
(23, 1, 1, 40, 0),
(24, 1, 12, 40, 0),
(25, 1, 1, 40, 0),
(28, 1, 1, 40, 0),
(31, 1, 1, 40, 0),
(32, 1, 1, 40, 0),
(33, 1, 1, 40, 0),
(34, 1, 1, 40, 0),
(35, 1, 1, 40, 0),
(36, 1, 2, 40, 0),
(37, 1, 5, 40, 0),
(38, 1, 7, 40, 0),
(39, 1, 5, 40, 0),
(40, 1, 10, 40, 0),
(40, 2, 40, 15, 0),
(42, 1, 1, 40, 0),
(85, 1, 12, 40, 0),
(86, 1, 12, 40, 0),
(87, 1, 3, 40, 0),
(87, 3, 5, 70, 0),
(88, 1, 4, 40, 0),
(88, 3, 12, 70, 0),
(89, 1, 1, 40, 0),
(90, 1, 4, 40, 0),
(92, 1, 4, 40, 0),
(93, 1, 4, 40, 0),
(94, 1, 3, 40, 0),
(95, 1, 2, 40, 0),
(96, 1, 4, 40, 0),
(97, 1, 3, 40, 0),
(98, 1, 3, 40, 0),
(98, 3, 3300, 70, 0),
(99, 1, 3, 40, 0),
(99, 3, 2, 70, 0),
(100, 1, 3, 40, 0),
(100, 2, 4600, 15, 0),
(100, 3, 2, 70, 0),
(101, 1, 3, 40, 0),
(101, 3, 3, 70, 0),
(102, 3, 3, 70, 0),
(103, 2, 2, 15, 0),
(105, 3, 3, 70, 0),
(106, 2, 3, 15, 0),
(106, 3, 3, 70, 0),
(107, 2, 3, 15, 0),
(107, 3, 3, 70, 0),
(108, 1, 3, 40, 0),
(108, 2, 3, 15, 0),
(108, 3, 3, 70, 0),
(109, 1, 2, 40, 0),
(110, 2, 3, 15, 0),
(111, 1, 3, 40, 0),
(112, 1, 4, 40, 0),
(113, 1, 3, 40, 0),
(114, 1, 3, 40, 0),
(115, 3, 3, 70, 0),
(116, 3, 3, 70, 0),
(117, 3, 3, 70, 0),
(118, 3, 2, 70, 0),
(119, 3, 2, 70, 0),
(120, 3, 3, 70, 0),
(121, 3, 2, 70, 0),
(122, 3, 9, 70, 0),
(123, 2, 4, 15, 0),
(123, 3, 20, 70, 0),
(124, 1, 970, 40, 0),
(125, 1, 3, 40, 0),
(126, 1, 3, 40, 0),
(126, 2, 3, 15, 0),
(126, 3, 3, 70, 0),
(127, 2, 3, 15, 0),
(128, 2, 3, 15, 0),
(129, 1, 3, 40, 0),
(129, 2, 3, 15, 0),
(130, 1, 3, 40, 0),
(130, 2, 3, 15, 0),
(130, 3, 3, 70, 0),
(131, 2, 3, 15, 0),
(132, 2, 3, 15, 0),
(133, 2, 3, 15, 0),
(134, 2, 3, 15, 0),
(135, 2, 3, 15, 0),
(136, 2, 3, 15, 0),
(137, 1, 3, 40, 0),
(137, 2, 3, 15, 0),
(138, 1, 3, 40, 0),
(139, 2, 3, 15, 0),
(140, 2, 3, 15, 0),
(141, 1, 3, 40, 0),
(142, 2, 2, 15, 0),
(143, 2, 2, 15, 0),
(144, 2, 2, 15, 0),
(145, 1, 3, 40, 0),
(146, 1, 3, 40, 0),
(147, 1, 3, 40, 0),
(147, 2, 3, 15, 0),
(147, 3, 3, 70, 0),
(148, 3, 3, 70, 0),
(149, 1, 3, 40, 0),
(150, 1, 3, 40, 0),
(150, 2, 3, 15, 0),
(150, 3, 3, 70, 0),
(151, 1, 3, 40, 0),
(152, 1, 3, 40, 0),
(153, 1, 3, 40, 0),
(154, 1, 4, 40, 0),
(154, 3, 6, 70, 0),
(157, 1, 5, 40, 0),
(157, 3, 5, 70, 0),
(158, 1, 1, 40, 0),
(162, 1, 1, 40, 0),
(162, 3, 11, 70, 0),
(163, 1, 64, 40, 0),
(163, 3, 50, 70, 0),
(164, 3, 1, 70, 0),
(165, 3, 6, 70, 0),
(166, 1, 51, 40, 0),
(166, 3, 4, 70, 0),
(167, 1, 10, 40, 0),
(167, 2, 13, 15, 0),
(168, 1, 51, 40, 0),
(168, 2, 52, 15, 0),
(169, 1, 11, 40, 0),
(169, 2, 41, 15, 0),
(170, 1, 11, 40, 0),
(171, 1, 11, 40, 0),
(172, 1, 61, 40, 0),
(173, 1, 3, 40, 0),
(173, 2, 5, 15, 0),
(174, 2, 1, 15, 0),
(175, 1, 1, 40, 0),
(176, 1, 1, 40, 0),
(177, 1, 1, 40, 0),
(178, 1, 1, 40, 0),
(179, 1, 1, 40, 0),
(180, 1, 1, 40, 0),
(181, 1, 1, 40, 0),
(191, 1, 1, 40, 0),
(192, 1, 1, 40, 0),
(193, 1, 1, 40, 0),
(194, 4, 11, 200, 0),
(194, 5, 50, 125, 0),
(194, 6, 3, 20000, 0),
(194, 7, 7, 4500, 0),
(194, 8, 2, 2500, 0),
(195, 4, 4, 200, 0),
(195, 5, 7, 125, 0),
(195, 7, 6, 4500, 0),
(195, 8, 16, 2500, 0),
(196, 4, 38, 200, 0),
(196, 5, 3, 125, 0),
(196, 6, 40, 20000, 0),
(196, 7, 36, 4500, 0),
(196, 8, 8, 2500, 0),
(201, 1, 44, 40, 0),
(202, 1, 44, 40, 0),
(202, 2, 24, 15, 0),
(203, 1, 1, 40, 0),
(204, 1, 4, 40, 0),
(205, 1, 1, 40, 0),
(206, 1, 1, 40, 0),
(206, 2, 5, 15, 0),
(207, 1, 1, 40, 0),
(208, 1, 200, 40, 0),
(209, 1, 1, 40, 0),
(209, 2, 1, 15, 0),
(209, 3, 1, 70, 0),
(210, 1, 1, 40, 0),
(211, 1, 21, 38, 0),
(211, 2, 100, 13, 0),
(211, 3, 50, 62, 0),
(212, 1, 98, 40, 0),
(213, 1, 7, 43, 0),
(214, 3, 1, 70, 0),
(215, 1, 76, 40, 0),
(215, 2, 12, 13, 0),
(215, 3, 40, 68, 0),
(216, 1, 123, 37, 0),
(216, 3, 1, 70, 0),
(216, 10, 1, 21, 0),
(217, 3, 1, 70, 0),
(218, 18, 1, 600, 0),
(218, 19, 1, 400, 0),
(219, 3, 20, 70, 0),
(220, 3, 21, 70, 0),
(221, 3, 1, 70, 0),
(222, 3, 23, 70, 0),
(223, 3, 12, 70, 0),
(224, 2, 1, 15, 0),
(224, 3, 1, 70, 0),
(225, 3, 23, 70, 0),
(226, 3, 1, 70, 0),
(227, 3, 1, 70, 0),
(228, 3, 1, 70, 0),
(230, 3, 1, 66, 4),
(231, 2, 1, 10, 5),
(231, 3, 1, 50, 20),
(233, 3, 1, 60, 10),
(234, 1, 3, 37, 3),
(234, 2, 1, 12, 3),
(234, 3, 1, 65, 5),
(235, 2, 2, 10, 5),
(235, 3, 2, 60, 10),
(236, 3, 10, 10, 60),
(237, 1, 2, 35, 5),
(237, 2, 1, 10, 5),
(237, 3, 1, 60, 10),
(238, 2, 15, 13, 2),
(238, 3, 20, 60, 10),
(239, 2, 2, 14, 1),
(239, 3, 21, 65, 5),
(240, 2, 1, 15, 0),
(240, 3, 1, 70, 0),
(241, 2, 1, 15, 0),
(241, 3, 1, 70, 0),
(250, 3, 1, 70, 0),
(251, 3, 1, 70, 0),
(252, 3, 1, 70, 0),
(253, 1, 44, 35, 5),
(253, 2, 1, 15, 0),
(253, 3, 2, 20, 50),
(253, 9, 12, 125, 25),
(253, 10, 9, 21, 0),
(253, 15, 1, 12, 1),
(254, 3, 1, 70, 0),
(255, 2, 1, 15, 0),
(256, 3, 1, 70, 0),
(257, 3, 1, 70, 0),
(258, 3, 1, 70, 0),
(259, 3, 1, 70, 0),
(260, 3, 1, 70, 0),
(261, 3, 1, 70, 0),
(262, 2, 1, 15, 0),
(263, 2, 1, 15, 0),
(264, 1, 1, 40, 0),
(264, 2, 1, 15, 0),
(264, 3, 1, 70, 0),
(264, 10, 1, 21, 0),
(264, 15, 1, 13, 0),
(265, 3, 1, 70, 0),
(266, 3, 9999999, 70, 0),
(267, 2, 1, 15, 0),
(268, 2, 1000, 13, 2);

-- --------------------------------------------------------

--
-- Table structure for table `producttype`
--

CREATE TABLE `producttype` (
  `id` int(2) NOT NULL,
  `name` text NOT NULL
) ENGINE=InnoDB DEFAULT CHARSET=latin1;

--
-- Dumping data for table `producttype`
--

INSERT INTO `producttype` (`id`, `name`) VALUES
(1, 'grooming'),
(2, 'party'),
(3, 'misc');

-- --------------------------------------------------------

--
-- Table structure for table `purchase`
--

CREATE TABLE `purchase` (
  `id` int(11) NOT NULL,
  `dateTime` timestamp NOT NULL DEFAULT CURRENT_TIMESTAMP,
  `supplier` int(5) NOT NULL,
  `totalBill` int(7) NOT NULL,
  `discount` int(7) NOT NULL,
  `amountPaid` int(7) NOT NULL,
  `preparedBy` int(1) NOT NULL,
  `returned` int(1) NOT NULL DEFAULT '0'
) ENGINE=InnoDB DEFAULT CHARSET=latin1;

--
-- Dumping data for table `purchase`
--

INSERT INTO `purchase` (`id`, `dateTime`, `supplier`, `totalBill`, `discount`, `amountPaid`, `preparedBy`, `returned`) VALUES
(199, '2018-06-14 14:29:53', 0, 9585, 0, 9585, 1, 0),
(200, '2018-06-14 14:29:53', 0, 1348, 0, 1000, 1, 0),
(201, '2018-06-14 14:29:53', 1, 140, 0, 140, 1, 0),
(202, '2018-06-14 14:29:53', 0, 5000, 0, 0, 1, 0),
(203, '2018-06-14 14:29:53', 0, -5000, 0, 0, 1, 0),
(204, '2018-06-14 14:29:53', 0, 0, 0, 0, 1, 0),
(205, '2018-06-14 14:29:53', 0, 0, 0, 0, 1, 0),
(206, '2018-06-14 14:29:53', 0, 0, 0, 0, 1, 0),
(207, '2018-06-14 14:29:53', 0, 9310, 0, 9000, 1, 0),
(208, '2018-06-14 14:29:53', 0, 11690, 0, 11033, 1, 0),
(209, '2018-06-14 14:29:53', 0, 3450, 0, 3450, 1, 0),
(210, '2018-06-14 14:29:53', 0, 4000, 0, 4000, 1, 0),
(211, '2018-06-14 14:29:53', 0, 201500, 0, 153000, 1, 0),
(212, '2018-06-14 14:29:53', 0, 7000, 0, 7000, 1, 0),
(213, '2018-06-14 14:29:53', 0, 1400, 0, 1000, 1, 0),
(214, '2018-06-14 14:29:53', 0, 157000, 0, 100000, 1, 0),
(215, '2018-06-14 14:29:53', 1, 8500, 0, 6000, 1, 0),
(216, '2018-06-14 14:29:53', 0, 70, 0, 40, 1, 0),
(217, '2018-06-14 14:29:53', 0, 90, 50, 30, 1, 0),
(218, '2018-06-14 14:29:53', 0, 60, 10, 50, 1, 0),
(219, '2018-06-14 14:29:53', 1, 1870, 215, 1000, 1, 0),
(220, '2018-06-14 14:29:53', 1, 9900, 1600, 7000, 1, 1),
(229, '2018-06-14 14:29:53', 0, 70, 0, 1, 1, 0),
(230, '2018-06-14 14:29:53', 0, 80, 5, 50, 1, 0),
(231, '2018-06-14 14:29:53', 0, 70, 0, 70, 0, 0),
(232, '2018-06-14 14:29:53', 0, 70, 0, 70, 0, 0),
(233, '2018-06-21 11:21:27', 0, 15, 0, 9, 0, 0);

-- --------------------------------------------------------

--
-- Table structure for table `purchasePayment`
--

CREATE TABLE `purchasePayment` (
  `paymentId` int(9) NOT NULL,
  `purchaseId` int(11) NOT NULL,
  `dateTime` timestamp NOT NULL DEFAULT CURRENT_TIMESTAMP,
  `amount` int(9) NOT NULL
) ENGINE=InnoDB DEFAULT CHARSET=latin1;

--
-- Dumping data for table `purchasePayment`
--

INSERT INTO `purchasePayment` (`paymentId`, `purchaseId`, `dateTime`, `amount`) VALUES
(1, 211, '2018-06-03 16:35:45', 3000),
(2, 216, '2018-06-06 13:42:25', 10),
(3, 220, '2018-06-08 12:02:50', 2000);

-- --------------------------------------------------------

--
-- Table structure for table `quotations`
--

CREATE TABLE `quotations` (
  `id` int(11) NOT NULL,
  `dateTime` timestamp NOT NULL DEFAULT CURRENT_TIMESTAMP,
  `customer` int(5) NOT NULL,
  `totalBill` int(7) NOT NULL,
  `discount` int(7) NOT NULL,
  `preparedBy` int(1) NOT NULL,
  `expiryDate` varchar(10) NOT NULL,
  `converted` int(1) NOT NULL DEFAULT '0'
) ENGINE=InnoDB DEFAULT CHARSET=latin1;

--
-- Dumping data for table `quotations`
--

INSERT INTO `quotations` (`id`, `dateTime`, `customer`, `totalBill`, `discount`, `preparedBy`, `expiryDate`, `converted`) VALUES
(199, '2018-06-13 23:23:13', 0, 40, 0, 1, '12-06-18', 1),
(200, '2018-06-13 23:23:13', 0, 0, 0, 1, '12-05-18', 0),
(202, '2018-06-13 23:23:13', 0, 0, 0, 1, '12-05-18', 1),
(203, '2018-06-13 23:23:13', 0, 0, 0, 1, '12-05-18', 1),
(204, '2018-06-13 23:23:13', 0, 0, 0, 1, '12-05-18', 1),
(205, '2018-06-13 23:23:13', 123, 0, 0, 1, '12-05-18', 1),
(206, '2018-06-13 23:23:13', 0, 70, 0, 1, '12-05-18', 1),
(207, '2018-06-13 23:23:13', 0, 70, 0, 1, '12-05-18', 1),
(208, '2018-06-13 23:23:13', 0, 70, 0, 1, '12-05-18', 1),
(209, '2018-06-13 23:23:13', 0, 70, 0, 1, '12-05-18', 1),
(210, '2018-06-13 23:23:13', 0, 70, 0, 1, '12-05-18', 1),
(211, '2018-06-13 23:23:13', 0, 5600, 0, 1, '3-04-12', 1),
(212, '2018-06-13 23:23:13', 0, 70, 0, 1, '12-05-18', 1),
(215, '2018-06-13 23:23:13', 0, 9890, 0, 1, '13-06-18', 1),
(216, '2018-06-13 23:23:13', 0, 10500, 0, 1, '', 0),
(217, '2018-06-13 23:23:13', 0, 25036, 0, 1, '5-5-18', 1),
(218, '2018-06-13 23:23:13', 0, 25000, 0, 1, '5-5-18', 1),
(219, '2018-06-13 23:23:13', 0, 108, 0, 1, '123', 1),
(220, '2018-06-13 23:23:13', 0, 98, 0, 0, '', 1),
(221, '2018-06-13 23:23:13', 123, 98, 0, 0, '', 0),
(222, '2018-06-13 23:23:59', 0, 125, 0, 0, '123', 1),
(223, '2018-06-13 23:26:03', 0, 125, 0, 0, '', 0),
(224, '2018-06-13 23:26:46', 0, 70, 0, 0, '12', 1),
(225, '2018-06-13 23:27:04', 0, 135, 20, 0, '', 0),
(226, '2018-06-13 23:27:48', 123, 442, 94, 0, '098', 1),
(227, '2018-06-14 17:13:03', 0, 10, 60, 0, '', 0),
(228, '2018-06-14 17:13:22', 123, 30, 40, 0, '123', 1),
(229, '2018-06-21 11:21:14', 0, 15, 0, 0, '32', 0);

-- --------------------------------------------------------

--
-- Table structure for table `refunds`
--

CREATE TABLE `refunds` (
  `id` int(11) NOT NULL,
  `dateTime` timestamp NOT NULL DEFAULT CURRENT_TIMESTAMP,
  `customer` int(5) NOT NULL,
  `totalBill` int(7) NOT NULL,
  `discount` int(7) NOT NULL,
  `preparedBy` int(1) NOT NULL
) ENGINE=InnoDB DEFAULT CHARSET=latin1;

--
-- Dumping data for table `refunds`
--

INSERT INTO `refunds` (`id`, `dateTime`, `customer`, `totalBill`, `discount`, `preparedBy`) VALUES
(1, '2018-06-13 20:58:58', 0, 920, 0, 1),
(2, '2018-06-13 20:58:58', 0, 40, 0, 1),
(3, '2018-06-13 20:58:58', 0, 800, 0, 1),
(4, '2018-06-13 20:58:58', 0, 40, 0, 1),
(5, '2018-06-13 20:58:58', 0, 40, 0, 1),
(6, '2018-06-13 20:58:58', 0, 800, 0, 1),
(7, '2018-06-13 20:58:58', 0, 70, 0, 1),
(8, '2018-06-13 20:58:58', 0, 70, 0, 1),
(9, '2018-06-13 20:58:58', 0, 1470, 0, 1),
(10, '2018-06-13 20:58:58', 0, 2600, 0, 1),
(16, '2018-06-13 20:58:58', 0, 80, 60, 1),
(17, '2018-06-13 20:58:58', 0, 60, 25, 1),
(18, '2018-06-13 20:58:58', 0, 86, 14, 1),
(19, '2018-06-13 20:58:58', 0, 86, 14, 1),
(21, '2018-06-13 20:58:58', 0, 188, 11, 1),
(25, '2018-06-13 20:58:58', 123, 12464, 0, 1),
(26, '2018-06-13 20:58:58', 123, 12464, 0, 1),
(27, '2018-06-13 20:58:58', 0, 9890, 0, 1),
(28, '2018-06-13 20:58:58', 0, 25036, 0, 1),
(29, '2018-06-13 20:58:58', 123, 12464, 0, 1),
(30, '2018-06-13 20:58:58', 123, 1609, 426, 1),
(31, '2018-06-13 20:58:58', 123, 1609, 426, 1),
(32, '2018-06-13 20:58:58', 123, 1609, 426, 1),
(33, '2018-06-13 20:58:58', 123, 6700, 300, 1),
(34, '2018-06-13 20:58:58', 123, 2500, 1000, 1),
(35, '2018-06-13 20:58:58', 123, 2500, 1000, 1),
(36, '2018-06-13 20:58:58', 123, 2500, 1000, 1),
(37, '2018-06-13 20:58:58', 123, 6700, 300, 1),
(38, '2018-06-13 20:58:58', 123, 85, 0, 1),
(39, '2018-06-13 21:02:47', 0, 85, 0, 0),
(40, '2018-06-13 21:03:24', 0, 85, 0, 0),
(41, '2018-06-13 21:04:09', 0, 2354, 1520, 0);

-- --------------------------------------------------------

--
-- Table structure for table `restock`
--

CREATE TABLE `restock` (
  `id` int(5) NOT NULL,
  `supplierId` int(4) NOT NULL,
  `productId` int(4) NOT NULL,
  `quantity` int(7) NOT NULL,
  `stockDate` date NOT NULL
) ENGINE=InnoDB DEFAULT CHARSET=latin1;

--
-- Dumping data for table `restock`
--

INSERT INTO `restock` (`id`, `supplierId`, `productId`, `quantity`, `stockDate`) VALUES
(1, 1, 4, 5000, '2018-05-23'),
(2, 1, 2, 600, '2018-04-23');

-- --------------------------------------------------------

--
-- Table structure for table `sales`
--

CREATE TABLE `sales` (
  `id` int(11) NOT NULL,
  `dateTime` timestamp NOT NULL DEFAULT CURRENT_TIMESTAMP,
  `customer` int(5) NOT NULL,
  `totalBill` int(7) NOT NULL,
  `discount` int(7) NOT NULL,
  `preparedBy` int(1) NOT NULL,
  `refund` int(1) NOT NULL DEFAULT '0'
) ENGINE=InnoDB DEFAULT CHARSET=latin1;

--
-- Dumping data for table `sales`
--

INSERT INTO `sales` (`id`, `dateTime`, `customer`, `totalBill`, `discount`, `preparedBy`, `refund`) VALUES
(9, '2018-06-13 20:25:52', 123, 70, 0, 1, 0),
(13, '2018-06-13 20:25:52', 123, 70, 0, 1, 0),
(14, '2018-06-13 20:25:52', 123, 180, 0, 1, 1),
(15, '2018-06-13 20:25:52', 123, 180, 0, 1, 0),
(16, '2018-06-13 20:25:52', 123, 85, 0, 1, 0),
(17, '2018-06-13 20:25:52', 123, 15, 0, 1, 0),
(18, '2018-06-13 20:25:52', 123, 135, 0, 1, 0),
(19, '2018-06-13 20:25:52', 123, 550, 0, 1, 1),
(20, '2018-06-13 20:25:52', 123, 160, 0, 1, 0),
(21, '2018-06-13 20:25:52', 123, 200, 0, 1, 0),
(22, '2018-06-13 20:25:52', 123, 40, 0, 1, 0),
(23, '2018-06-13 20:25:52', 123, 40, 0, 1, 1),
(24, '2018-06-13 20:25:52', 123, 480, 0, 1, 1),
(25, '2018-06-13 20:25:52', 123, 40, 0, 1, 0),
(28, '2018-06-13 20:25:52', 123, 40, 0, 1, 0),
(29, '2018-06-13 20:25:52', 123, 0, 0, 1, 0),
(30, '2018-06-13 20:25:52', 123, 0, 0, 1, 0),
(31, '2018-06-13 20:25:52', 123, 40, 0, 1, 0),
(32, '2018-06-13 20:25:52', 0, 40, 0, 1, 0),
(33, '2018-06-13 20:25:52', 2, 40, 0, 1, 0),
(34, '2018-06-13 20:25:52', 3, 40, 0, 1, 0),
(35, '2018-06-13 20:25:52', 3, 40, 0, 1, 0),
(36, '2018-06-13 20:25:52', 2, 80, 0, 1, 0),
(37, '2018-06-13 20:25:52', 2, 200, 0, 1, 0),
(38, '2018-06-13 20:25:52', 5, 280, 0, 1, 0),
(39, '2018-06-13 20:25:52', 6, 200, 0, 1, 0),
(40, '2018-06-13 20:25:52', 2, 1000, 0, 1, 0),
(41, '2018-06-13 20:25:52', 0, 0, 0, 1, 0),
(42, '2018-06-13 20:25:52', 0, 40, 0, 1, 0),
(43, '2018-06-13 20:25:52', 2, 0, 0, 1, 0),
(44, '2018-06-13 20:25:52', 6, 0, 0, 1, 0),
(45, '2018-06-13 20:25:52', 6, 0, 0, 1, 0),
(46, '2018-06-13 20:25:52', 6, 0, 0, 1, 0),
(47, '2018-06-13 20:25:52', 6, 0, 0, 1, 0),
(48, '2018-06-13 20:25:52', 6, 0, 0, 1, 0),
(49, '2018-06-13 20:25:52', 6, 0, 0, 1, 0),
(50, '2018-06-13 20:25:52', 6, 0, 0, 1, 0),
(51, '2018-06-13 20:25:52', 6, 0, 0, 1, 0),
(52, '2018-06-13 20:25:52', 6, 0, 0, 1, 0),
(53, '2018-06-13 20:25:52', 6, 0, 0, 1, 0),
(54, '2018-06-13 20:25:52', 6, 0, 0, 1, 0),
(55, '2018-06-13 20:25:52', 6, 0, 0, 1, 0),
(56, '2018-06-13 20:25:52', 6, 0, 0, 1, 0),
(57, '2018-06-13 20:25:52', 6, 0, 0, 1, 0),
(58, '2018-06-13 20:25:52', 6, 0, 0, 1, 0),
(59, '2018-06-13 20:25:52', 6, 0, 0, 1, 0),
(60, '2018-06-13 20:25:52', 6, 0, 0, 1, 0),
(61, '2018-06-13 20:25:52', 6, 0, 0, 1, 0),
(62, '2018-06-13 20:25:52', 6, 0, 0, 1, 0),
(63, '2018-06-13 20:25:52', 6, 0, 0, 1, 0),
(64, '2018-06-13 20:25:52', 6, 0, 0, 1, 0),
(65, '2018-06-13 20:25:52', 6, 0, 0, 1, 0),
(66, '2018-06-13 20:25:52', 6, 0, 0, 1, 0),
(67, '2018-06-13 20:25:52', 6, 0, 0, 1, 0),
(68, '2018-06-13 20:25:52', 6, 0, 0, 1, 0),
(69, '2018-06-13 20:25:52', 6, 0, 0, 1, 0),
(70, '2018-06-13 20:25:52', 6, 0, 0, 1, 0),
(71, '2018-06-13 20:25:52', 6, 0, 0, 1, 0),
(72, '2018-06-13 20:25:52', 6, 0, 0, 1, 0),
(73, '2018-06-13 20:25:52', 6, 0, 0, 1, 0),
(74, '2018-06-13 20:25:52', 6, 0, 0, 1, 0),
(75, '2018-06-13 20:25:52', 6, 0, 0, 1, 0),
(76, '2018-06-13 20:25:52', 6, 0, 0, 1, 0),
(77, '2018-06-13 20:25:52', 6, 0, 0, 1, 0),
(78, '2018-06-13 20:25:52', 6, 0, 0, 1, 0),
(79, '2018-06-13 20:25:52', 6, 0, 0, 1, 0),
(80, '2018-06-13 20:25:52', 6, 0, 0, 1, 0),
(81, '2018-06-13 20:25:52', 6, 0, 0, 1, 0),
(82, '2018-06-13 20:25:52', 6, 0, 0, 1, 0),
(83, '2018-06-13 20:25:52', 6, 0, 0, 1, 0),
(84, '2018-06-13 20:25:52', 6, 0, 0, 1, 0),
(85, '2018-06-13 20:25:52', 6, 480, 0, 1, 0),
(86, '2018-06-13 20:25:52', 2, 480, 0, 1, 0),
(87, '2018-06-13 20:25:52', 6, 470, 0, 1, 0),
(88, '2018-06-13 20:25:52', 6, 1000, 0, 1, 0),
(89, '2018-06-13 20:25:52', 2, 40, 0, 1, 0),
(90, '2018-06-13 20:25:52', 6, 160, 0, 1, 0),
(92, '2018-06-13 20:25:52', 6, 160, 0, 1, 0),
(93, '2018-06-13 20:25:52', 6, 160, 0, 1, 0),
(94, '2018-06-13 20:25:52', 6, 120, 0, 1, 0),
(95, '2018-06-13 20:25:52', 6, 80, 0, 1, 0),
(96, '2018-06-13 20:25:52', 6, 160, 0, 1, 0),
(97, '2018-06-13 20:25:52', 6, 120, 0, 1, 0),
(98, '2018-06-13 20:25:52', 6, 231120, 0, 1, 0),
(99, '2018-06-13 20:25:52', 6, 260, 0, 1, 0),
(100, '2018-06-13 20:25:52', 6, 69260, 0, 1, 0),
(101, '2018-06-13 20:25:52', 6, 330, 0, 1, 0),
(102, '2018-06-13 20:25:52', 6, 210, 0, 1, 0),
(103, '2018-06-13 20:25:52', 6, 30, 0, 1, 0),
(105, '2018-06-13 20:25:52', 6, 210, 0, 1, 0),
(106, '2018-06-13 20:25:52', 6, 255, 0, 1, 0),
(107, '2018-06-13 20:25:52', 6, 255, 0, 1, 0),
(108, '2018-06-13 20:25:52', 6, 375, 0, 1, 0),
(109, '2018-06-13 20:25:52', 6, 80, 0, 1, 0),
(110, '2018-06-13 20:25:52', 6, 45, 0, 1, 0),
(111, '2018-06-13 20:25:52', 6, 120, 0, 1, 0),
(112, '2018-06-13 20:25:52', 6, 160, 0, 1, 0),
(113, '2018-06-13 20:25:52', 6, 120, 0, 1, 0),
(114, '2018-06-13 20:25:52', 6, 120, 0, 1, 0),
(115, '2018-06-13 20:25:52', 6, 210, 0, 1, 0),
(116, '2018-06-13 20:25:52', 6, 210, 0, 1, 0),
(117, '2018-06-13 20:25:52', 6, 210, 0, 1, 0),
(118, '2018-06-13 20:25:52', 6, 140, 0, 1, 0),
(119, '2018-06-13 20:25:52', 6, 140, 0, 1, 0),
(120, '2018-06-13 20:25:52', 6, 210, 0, 1, 0),
(121, '2018-06-13 20:25:52', 6, 140, 0, 1, 0),
(122, '2018-06-13 20:25:52', 6, 630, 0, 1, 0),
(123, '2018-06-13 20:25:52', 6, 1460, 0, 1, 0),
(124, '2018-06-13 20:25:52', 0, 38800, 0, 1, 0),
(125, '2018-06-13 20:25:52', 16, 120, 0, 1, 0),
(126, '2018-06-13 20:25:52', 0, 375, 0, 1, 0),
(127, '2018-06-13 20:25:52', 17, 45, 0, 1, 0),
(128, '2018-06-13 20:25:52', 17, 45, 0, 1, 0),
(129, '2018-06-13 20:25:52', 17, 165, 0, 1, 0),
(130, '2018-06-13 20:25:52', 17, 375, 0, 1, 0),
(131, '2018-06-13 20:25:52', 17, 45, 0, 1, 0),
(132, '2018-06-13 20:25:52', 17, 45, 0, 1, 0),
(133, '2018-06-13 20:25:52', 17, 45, 0, 1, 0),
(134, '2018-06-13 20:25:52', 17, 45, 0, 1, 0),
(135, '2018-06-13 20:25:52', 17, 45, 0, 1, 0),
(136, '2018-06-13 20:25:52', 17, 45, 0, 1, 0),
(137, '2018-06-13 20:25:52', 17, 165, 0, 1, 0),
(138, '2018-06-13 20:25:52', 17, 120, 0, 1, 0),
(139, '2018-06-13 20:25:52', 17, 45, 0, 1, 0),
(140, '2018-06-13 20:25:52', 17, 45, 0, 1, 0),
(141, '2018-06-13 20:25:52', 17, 120, 0, 1, 0),
(142, '2018-06-13 20:25:52', 17, 30, 0, 1, 0),
(143, '2018-06-13 20:25:52', 17, 30, 0, 1, 0),
(144, '2018-06-13 20:25:52', 17, 30, 0, 1, 0),
(145, '2018-06-13 20:25:52', 17, 120, 0, 1, 0),
(146, '2018-06-13 20:25:52', 17, 120, 0, 1, 0),
(147, '2018-06-13 20:25:52', 17, 375, 0, 1, 0),
(148, '2018-06-13 20:25:52', 17, 210, 0, 1, 0),
(149, '2018-06-13 20:25:52', 17, 120, 0, 1, 0),
(150, '2018-06-13 20:25:52', 17, 375, 0, 1, 0),
(151, '2018-06-13 20:25:52', 17, 120, 0, 1, 0),
(152, '2018-06-13 20:25:52', 17, 120, 0, 1, 0),
(153, '2018-06-13 20:25:52', 17, 120, 0, 1, 0),
(154, '2018-06-13 20:25:52', 17, 580, 0, 1, 0),
(157, '2018-06-13 20:25:52', 17, 550, 0, 1, 0),
(158, '2018-06-13 20:25:52', 17, 40, 0, 1, 0),
(162, '2018-06-13 20:25:52', 17, 110, 0, 1, 0),
(163, '2018-06-13 20:25:52', 17, 6060, 0, 1, 0),
(164, '2018-06-13 20:25:52', 17, 70, 0, 1, 0),
(165, '2018-06-13 20:25:52', 17, 420, 0, 1, 0),
(166, '2018-06-13 20:25:52', 17, 2320, 0, 1, 0),
(167, '2018-06-13 20:25:52', 17, 595, 0, 1, 0),
(168, '2018-06-13 20:25:52', 17, 2820, 0, 1, 0),
(169, '2018-06-13 20:25:52', 17, 1055, 0, 1, 0),
(170, '2018-06-13 20:25:52', 9, 440, 0, 1, 0),
(171, '2018-06-13 20:25:52', 19, 440, 0, 1, 0),
(172, '2018-06-13 20:25:52', 20, 2440, 0, 1, 1),
(173, '2018-06-13 20:25:52', 19, 195, 0, 1, 0),
(174, '2018-06-13 20:25:52', 0, 15, 0, 1, 0),
(175, '2018-06-13 20:25:52', 0, 40, 0, 1, 0),
(176, '2018-06-13 20:25:52', 0, 40, 0, 1, 0),
(177, '2018-06-13 20:25:52', 0, 40, 0, 1, 0),
(178, '2018-06-13 20:25:52', 0, 40, 0, 1, 0),
(179, '2018-06-13 20:25:52', 0, 40, 0, 1, 0),
(180, '2018-06-13 20:25:52', 0, 40, 0, 1, 0),
(181, '2018-06-13 20:25:52', 0, 40, 0, 1, 0),
(191, '2018-06-13 20:25:52', 0, 40, 0, 1, 0),
(192, '2018-06-13 20:25:52', 0, 40, 0, 1, 0),
(193, '2018-06-13 20:25:52', 0, 40, 0, 1, 0),
(194, '2018-06-13 20:25:52', 0, 104950, 0, 1, 0),
(195, '2018-06-13 20:25:52', 0, 68675, 0, 1, 0),
(196, '2018-06-13 20:25:52', 0, 989975, 0, 1, 0),
(201, '2018-06-13 20:25:52', 0, 1760, 0, 1, 0),
(202, '2018-06-13 20:25:52', 0, 2120, 0, 1, 0),
(203, '2018-06-13 20:25:52', 0, 40, 0, 1, 0),
(204, '2018-06-13 20:25:52', 0, 160, 0, 1, 0),
(205, '2018-06-13 20:25:52', 0, 40, 0, 1, 0),
(206, '2018-06-13 20:25:52', 0, 115, 0, 1, 0),
(207, '2018-06-13 20:25:52', 0, 40, 0, 1, 0),
(208, '2018-06-13 20:25:52', 0, 8000, 0, 1, 0),
(209, '2018-06-13 20:25:52', 0, 125, 0, 1, 0),
(210, '2018-06-13 20:25:52', 0, 40, 0, 1, 0),
(211, '2018-06-13 20:25:52', 123, 5200, 0, 1, 0),
(212, '2018-06-13 20:25:52', 0, 3920, 0, 1, 1),
(213, '2018-06-13 20:25:52', 0, 300, 0, 1, 1),
(214, '2018-06-13 20:25:52', 0, 70, 0, 1, 0),
(215, '2018-06-13 20:25:52', 0, 5910, 0, 1, 0),
(216, '2018-06-13 20:25:52', 19, 4591, 0, 1, 0),
(217, '2018-06-13 20:25:52', 0, 70, 0, 1, 0),
(218, '2018-06-13 20:25:52', 0, 1000, 0, 1, 0),
(219, '2018-06-13 20:25:52', 123, 1400, 0, 1, 0),
(220, '2018-06-13 20:25:52', 0, 1470, 0, 1, 0),
(221, '2018-06-13 20:25:52', 0, 70, 0, 1, 0),
(222, '2018-06-13 20:25:52', 0, 1600, 0, 1, 0),
(223, '2018-06-13 20:25:52', 0, 840, 0, 1, 0),
(224, '2018-06-13 20:25:52', 0, 85, 0, 1, 0),
(225, '2018-06-13 20:25:52', 0, 1610, 0, 1, 0),
(226, '2018-06-13 20:25:52', 0, 70, 0, 1, 0),
(227, '2018-06-13 20:25:52', 0, 70, 0, 1, 0),
(228, '2018-06-13 20:25:52', 0, 70, 0, 1, 1),
(230, '2018-06-13 20:25:52', 0, 66, 0, 1, 0),
(231, '2018-06-13 20:25:52', 0, 60, 25, 1, 0),
(233, '2018-06-13 20:25:52', 0, 60, 10, 1, 0),
(234, '2018-06-13 20:25:52', 0, 188, 11, 1, 0),
(235, '2018-06-13 20:25:52', 0, 140, 15, 1, 0),
(236, '2018-06-13 20:25:52', 0, 100, 60, 1, 1),
(237, '2018-06-13 20:25:52', 0, 140, 25, 1, 1),
(238, '2018-06-13 20:25:52', 0, 1395, 230, 1, 0),
(239, '2018-06-13 20:25:52', 0, 1393, 107, 1, 0),
(240, '2018-06-13 20:25:52', 0, 85, 0, 1, 0),
(241, '2018-06-13 20:25:52', 0, 85, 0, 1, 0),
(242, '2018-06-13 20:25:52', 0, 85, 0, 0, 0),
(243, '2018-06-13 20:25:52', 0, 70, 0, 0, 0),
(244, '2018-06-13 20:25:52', 0, 70, 0, 0, 0),
(245, '2018-06-13 20:25:52', 0, 70, 0, 0, 0),
(246, '2018-06-13 20:25:59', 0, 70, 0, 0, 0),
(247, '2018-06-13 20:31:57', 0, 70, 0, 0, 0),
(248, '2018-06-13 20:33:46', 0, 70, 0, 0, 0),
(249, '2018-06-13 20:37:42', 0, 70, 0, 0, 0),
(250, '2018-06-13 20:38:14', 0, 70, 0, 0, 0),
(251, '2018-06-13 20:42:50', 0, 70, 0, 0, 0),
(252, '2018-06-13 20:44:16', 0, 70, 0, 0, 0),
(253, '2018-06-13 20:47:08', 0, 3296, 621, 0, 0),
(254, '2018-06-13 20:48:26', 0, 70, 0, 0, 0),
(255, '2018-06-13 20:48:32', 0, 15, 0, 0, 0),
(256, '2018-06-13 20:48:36', 0, 70, 0, 0, 0),
(257, '2018-06-13 20:48:38', 0, 70, 0, 0, 0),
(258, '2018-06-13 20:48:39', 0, 70, 0, 0, 0),
(259, '2018-06-13 20:48:42', 0, 70, 0, 0, 0),
(260, '2018-06-13 20:48:43', 0, 70, 0, 0, 0),
(261, '2018-06-13 20:48:45', 0, 70, 0, 0, 0),
(262, '2018-06-13 20:48:47', 0, 15, 0, 0, 0),
(263, '2018-06-13 20:48:52', 0, 15, 0, 0, 0),
(264, '2018-06-13 20:49:06', 0, 159, 0, 0, 0),
(265, '2018-06-13 21:54:21', 0, 70, 0, 0, 0),
(266, '2018-06-14 23:38:08', 0, 699999930, 0, 0, 0),
(267, '2018-06-21 11:20:37', 0, 15, 0, 0, 0),
(268, '2018-06-21 14:49:48', 123, 68500, 6500, 0, 0);

-- --------------------------------------------------------

--
-- Table structure for table `supplier`
--

CREATE TABLE `supplier` (
  `id` int(4) NOT NULL,
  `name` text NOT NULL,
  `iban` int(17) NOT NULL,
  `contact` text NOT NULL,
  `balance` int(8) NOT NULL
) ENGINE=InnoDB DEFAULT CHARSET=latin1;

--
-- Dumping data for table `supplier`
--

INSERT INTO `supplier` (`id`, `name`, `iban`, `contact`, `balance`) VALUES
(0, 'Dan Brown', 1234567, '03001234567', 23134),
(1, 'Jane Doe', 123456789, '03001239876', 20000);

--
-- Indexes for dumped tables
--

--
-- Indexes for table `balance`
--
ALTER TABLE `balance`
  ADD PRIMARY KEY (`id`);

--
-- Indexes for table `currentinventory`
--
ALTER TABLE `currentinventory`
  ADD PRIMARY KEY (`productId`),
  ADD KEY `pid-prod/inv` (`productId`);

--
-- Indexes for table `customer`
--
ALTER TABLE `customer`
  ADD PRIMARY KEY (`id`),
  ADD UNIQUE KEY `contact` (`contact`);

--
-- Indexes for table `generalLedger`
--
ALTER TABLE `generalLedger`
  ADD PRIMARY KEY (`id`);

--
-- Indexes for table `headOfAccounts`
--
ALTER TABLE `headOfAccounts`
  ADD PRIMARY KEY (`id`);

--
-- Indexes for table `inventoryVal`
--
ALTER TABLE `inventoryVal`
  ADD PRIMARY KEY (`id`);

--
-- Indexes for table `invoice`
--
ALTER TABLE `invoice`
  ADD PRIMARY KEY (`id`);

--
-- Indexes for table `invoicePayment`
--
ALTER TABLE `invoicePayment`
  ADD PRIMARY KEY (`paymentId`);

--
-- Indexes for table `productinvoice`
--
ALTER TABLE `productinvoice`
  ADD PRIMARY KEY (`invoiceId`,`product`);

--
-- Indexes for table `productpurchase`
--
ALTER TABLE `productpurchase`
  ADD PRIMARY KEY (`purchaseId`,`product`);

--
-- Indexes for table `productquotes`
--
ALTER TABLE `productquotes`
  ADD PRIMARY KEY (`quoteId`,`product`);

--
-- Indexes for table `productrefund`
--
ALTER TABLE `productrefund`
  ADD PRIMARY KEY (`refundId`,`product`);

--
-- Indexes for table `products`
--
ALTER TABLE `products`
  ADD PRIMARY KEY (`id`),
  ADD UNIQUE KEY `barcode` (`barcode`);

--
-- Indexes for table `productsale`
--
ALTER TABLE `productsale`
  ADD PRIMARY KEY (`saleId`,`product`);

--
-- Indexes for table `producttype`
--
ALTER TABLE `producttype`
  ADD PRIMARY KEY (`id`);

--
-- Indexes for table `purchase`
--
ALTER TABLE `purchase`
  ADD PRIMARY KEY (`id`);

--
-- Indexes for table `purchasePayment`
--
ALTER TABLE `purchasePayment`
  ADD PRIMARY KEY (`paymentId`);

--
-- Indexes for table `quotations`
--
ALTER TABLE `quotations`
  ADD PRIMARY KEY (`id`);

--
-- Indexes for table `refunds`
--
ALTER TABLE `refunds`
  ADD PRIMARY KEY (`id`);

--
-- Indexes for table `restock`
--
ALTER TABLE `restock`
  ADD PRIMARY KEY (`id`);

--
-- Indexes for table `sales`
--
ALTER TABLE `sales`
  ADD PRIMARY KEY (`id`);

--
-- Indexes for table `supplier`
--
ALTER TABLE `supplier`
  ADD PRIMARY KEY (`id`);

--
-- AUTO_INCREMENT for dumped tables
--

--
-- AUTO_INCREMENT for table `balance`
--
ALTER TABLE `balance`
  MODIFY `id` int(4) NOT NULL AUTO_INCREMENT;

--
-- AUTO_INCREMENT for table `customer`
--
ALTER TABLE `customer`
  MODIFY `id` int(5) NOT NULL AUTO_INCREMENT, AUTO_INCREMENT=141;

--
-- AUTO_INCREMENT for table `generalLedger`
--
ALTER TABLE `generalLedger`
  MODIFY `id` int(9) NOT NULL AUTO_INCREMENT, AUTO_INCREMENT=359;

--
-- AUTO_INCREMENT for table `headOfAccounts`
--
ALTER TABLE `headOfAccounts`
  MODIFY `id` int(9) NOT NULL AUTO_INCREMENT, AUTO_INCREMENT=38;

--
-- AUTO_INCREMENT for table `inventoryVal`
--
ALTER TABLE `inventoryVal`
  MODIFY `id` int(11) NOT NULL AUTO_INCREMENT, AUTO_INCREMENT=7;

--
-- AUTO_INCREMENT for table `invoice`
--
ALTER TABLE `invoice`
  MODIFY `id` int(7) NOT NULL AUTO_INCREMENT, AUTO_INCREMENT=118;

--
-- AUTO_INCREMENT for table `invoicePayment`
--
ALTER TABLE `invoicePayment`
  MODIFY `paymentId` int(9) NOT NULL AUTO_INCREMENT, AUTO_INCREMENT=19;

--
-- AUTO_INCREMENT for table `products`
--
ALTER TABLE `products`
  MODIFY `id` int(4) NOT NULL AUTO_INCREMENT, AUTO_INCREMENT=24;

--
-- AUTO_INCREMENT for table `producttype`
--
ALTER TABLE `producttype`
  MODIFY `id` int(2) NOT NULL AUTO_INCREMENT, AUTO_INCREMENT=4;

--
-- AUTO_INCREMENT for table `purchase`
--
ALTER TABLE `purchase`
  MODIFY `id` int(11) NOT NULL AUTO_INCREMENT, AUTO_INCREMENT=234;

--
-- AUTO_INCREMENT for table `purchasePayment`
--
ALTER TABLE `purchasePayment`
  MODIFY `paymentId` int(9) NOT NULL AUTO_INCREMENT, AUTO_INCREMENT=4;

--
-- AUTO_INCREMENT for table `quotations`
--
ALTER TABLE `quotations`
  MODIFY `id` int(11) NOT NULL AUTO_INCREMENT, AUTO_INCREMENT=230;

--
-- AUTO_INCREMENT for table `refunds`
--
ALTER TABLE `refunds`
  MODIFY `id` int(11) NOT NULL AUTO_INCREMENT, AUTO_INCREMENT=42;

--
-- AUTO_INCREMENT for table `restock`
--
ALTER TABLE `restock`
  MODIFY `id` int(5) NOT NULL AUTO_INCREMENT, AUTO_INCREMENT=3;

--
-- AUTO_INCREMENT for table `sales`
--
ALTER TABLE `sales`
  MODIFY `id` int(11) NOT NULL AUTO_INCREMENT, AUTO_INCREMENT=269;

--
-- AUTO_INCREMENT for table `supplier`
--
ALTER TABLE `supplier`
  MODIFY `id` int(4) NOT NULL AUTO_INCREMENT, AUTO_INCREMENT=2;
COMMIT;

/*!40101 SET CHARACTER_SET_CLIENT=@OLD_CHARACTER_SET_CLIENT */;
/*!40101 SET CHARACTER_SET_RESULTS=@OLD_CHARACTER_SET_RESULTS */;
/*!40101 SET COLLATION_CONNECTION=@OLD_COLLATION_CONNECTION */;
